,0,1,2,3,4,5,6,7,8,9,10,11,12,13,14,15,16,17,18,19,20,21,22,23,24,25,26,27,28,29,30,31,32,33,34,35,36,37,38,39,40,41,42,43,44,45,46,47,48,49,50,51,52,53,54,55,56,57,58,59,60,61,62,63,64,65,66,67,68,69,70,71,72,73,74,75,76,77,78,79,80,81,82,83,84,85,86,87,88,89,90,91,92,93,94,95,96,97,98,99,100,101,102,103,104,105,106,107,108,109,110,111,112,113,114,115,116,117,118,119,120,121,122,123,124,125,126,127,128,129,130,131,132,133,134,135,136,137,138,139,140,141,142,143,144,145,146,147,148,149,150,151,152,153,154,155,156,157,158,159
0,-82.55225000000007,-119.43787568517894,-78.94224999999999,-23.49168819309341,-6.487249999999989,125.42862789542602,557.1277500000001,1199.3408386040976,1792.0577499999997,2235.8233715681363,2530.23275,2463.1430223339503,1793.4177500000003,819.4823596987738,311.4327500000001,620.2012213853684,1190.01775,1260.2234319120446,785.4777500000002,317.50598641874836,187.88274999999993,225.15984440055223,199.2077500000001,128.46023811596794,90.21775000000002,51.90855835965178,4.247749999999954,32.21570139277952,145.22275000000008,211.39557989785033,154.3727500000001,71.34223981216752,72.45274999999998,127.43279089964665,150.52775000000008,131.58201314932558,105.95775,78.87833832855938,49.232750000000095,45.26255311700558,82.62774999999996,135.07608770131694,176.39775000000003,200.4829198158293,186.06275,106.95044489209931,-3.662249999999986,-64.1099179890379,-42.827250000000134,8.091242962484515,31.34274999999988,21.00051648694216,-7.897250000000042,-46.368151644873834,-75.52224999999994,-77.31800840873566,-69.09725,-77.58734454290214,-82.52725000000001,-45.2505790120598,13.092749999999995,31.155121131225854,4.007750000000016,-13.462048155406649,-3.637250000000037,-8.746216839128593,-43.27724999999998,-61.232561566155105,-34.94225000000006,1.2176562355789429,11.742750000000058,4.724068505124393,-6.597250000000159,-28.743630723448632,-52.947250000000096,-51.19907757013763,-27.20225000000015,-17.17590863513138,-25.15224999999998,-16.929058095228697,7.122749999999911,1.1893749061597418,-41.13725000000008,-61.02533465145344,-26.572249999999997,14.54718969660263,13.48775000000009,-9.99693132240813,-20.127250000000117,-29.76723243460384,-60.862249999999946,-88.53537131985178,-79.8722500000001,-51.98426806446966,-40.68724999999989,-43.356257581464575,-40.82724999999998,-44.66518859658743,-71.4872499999999,-96.49113857043193,-85.96225000000001,-57.77870387154017,-57.42224999999995,-85.48499219267387,-99.63225,-83.83767214466636,-67.44224999999997,-72.1854040125896,-83.03224999999998,-81.70219377018117,-74.95224999999999,-76.15166945569862,-83.48225000000002,-88.46992459779906,-88.38225000000006,-82.15281180367205,-69.48225000000002,-59.69527784454136,-66.34225000000006,-86.85923040669141,-101.32724999999999,-98.39354222511906,-90.34725000000002,-93.9706210110111,-106.04224999999998,-108.67855360366245,-94.65725000000006,-76.96394424841782,-72.13224999999998,-81.45865275951468,-92.83724999999993,-96.86432760314048,-94.4272500000001,-88.50634794556389,-76.42225,-56.34220593522431,-37.86224999999985,-37.66133069824323,-61.41724999999971,-93.44783929090104,-108.58724999999993,-96.17792077150996,-71.33225,-59.30732784129616,-68.07225,-81.65736698904104,-83.69724999999995,-78.69936101817055,-80.07724999999996,-85.1421071587335,-79.23724999999995,-62.89807697952023,-55.23725000000006,-65.64682738622571,-79.89225000000002,-82.04093990106315,-74.33725000000007,-66.51230666979058,-60.92724999999998,-58.92132326891674
1,-83.34190624999997,-79.65812372200108,-50.1619062500001,-31.874182151365005,-29.641906249999863,66.2700146128637,364.25309375,826.0613544431136,1338.2680937500002,1834.5431852939575,2191.93809375,2130.038176030533,1511.2880937500004,739.182972615459,515.8430937500002,1045.9395839501492,1732.0180937500004,1858.9415026307636,1380.36809375,800.6916776307683,464.20309374999994,283.96092316987,103.32309375000001,-27.481086236718212,-21.541906249999997,50.876866890567825,77.28809374999985,63.29607120526872,66.23309375000015,81.01629533940532,90.10309375000001,133.30365559610027,230.42809375000007,305.1319726684069,277.15309375,179.21714730630254,102.33809375000006,67.9392246499831,31.578093750000036,-18.095422510641754,-40.801906249999945,-13.399143191821324,42.12809374999999,93.59588783597756,117.35809375000004,93.2128546967022,24.463093749999913,-42.56910788245716,-57.33190624999999,-22.679812178292266,13.278093749999982,16.35502382756664,-9.096906250000004,-45.82608405242995,-82.23690625000008,-104.6141758209968,-97.39690625000007,-60.2693808347541,-13.291906249999869,18.22077777880115,19.133093750000043,-9.138801121904677,-48.95190625000003,-77.98719473818915,-87.82690625000002,-87.61664187765864,-87.51690625000006,-86.45877193043576,-77.71690625000002,-57.6438990664762,-29.94690624999997,-11.359023475121845,-25.066906249999988,-68.73930451098228,-97.13190624999989,-66.91755671204353,1.9180937499998691,43.98443806882703,32.18309374999994,4.026529112856522,-6.786906249999802,-18.124942138408628,-51.24690625000014,-78.98317068714363,-65.72690624999998,-28.55957151098262,-9.526906249999996,-7.357145602607815,10.388093750000067,37.62967036082755,29.643093750000006,-22.142027544666178,-68.31690625000005,-72.15610428247302,-57.71190625000002,-63.02895170434467,-82.88690624999998,-89.36097202270545,-81.35690625000014,-78.3968305946412,-81.92690625000003,-77.08929031807878,-65.24190625000001,-64.28337909663526,-78.20690624999999,-91.15781483106079,-91.69690625000001,-81.51062779181322,-61.21190625000004,-30.990576255241137,-7.426906249999931,-14.851159938805552,-51.341906249999894,-84.01165420071291,-89.07690624999987,-78.7665245612039,-76.3869062499999,-82.59140927253065,-83.78690625,-80.35005574957023,-84.92190625000003,-98.22228592311268,-106.39190624999989,-102.40390445108011,-94.5369062500001,-91.89517634063148,-94.24190625000006,-98.42247998543031,-103.70190625000002,-107.2617590475309,-103.10190624999993,-89.4775327319191,-72.59190625000002,-61.546889402754715,-62.73690624999999,-76.2728388764694,-92.4219062500002,-96.03569694069444,-82.96190625000004,-68.52232783873741,-70.07690625000001,-84.28462081410575,-92.79190624999997,-88.45191132667348,-83.1269062499999,-88.48462114678243,-100.8119062500001,-108.05887117304641,-103.36190624999998,-89.48928233899257,-76.56690625000005,-74.84989185344301,-83.00690625000016,-86.97300143772797,-78.84690625000005,-70.67401870202305,-76.8569062500001,-89.86809554887608,-91.26190625000005,-81.70675216449291
2,-114.43388607180653,-96.08293750000001,-80.9970455880967,-80.77293750000008,18.22583808806455,335.9120625,835.5277076973867,1379.9620624999998,1878.7614793856826,2244.8270625000005,2291.298629402307,1899.2770625000003,1298.0558592831735,951.1320625,1068.1288916870642,1383.5170625,1499.2332797385461,1293.6720625000003,905.4675101711199,492.82706249999984,167.27773261585696,31.22206249999995,84.83830739941304,155.05706249999997,83.0885357777568,-56.58793750000014,-70.73784761495727,64.54206250000006,194.31114516702445,237.57206250000002,267.07578565265607,319.79206250000004,308.1776127455841,187.70206249999995,65.79933912648941,48.12706250000001,80.9572508766942,48.027062499999985,-46.568937945275266,-92.50293750000002,-33.20093739593199,72.32706250000014,133.2973715771463,112.11706250000005,34.23582832738815,-40.6479375000001,-60.85811543232927,-27.242937500000053,7.991512865455817,1.5570625000001002,-36.82393493567277,-71.42793749999998,-85.82399427027984,-83.02793750000004,-65.24012864127437,-36.512937499999964,-9.442445183470113,7.74206249999996,16.48064981827214,11.24706249999997,-21.218280102775154,-74.22293750000003,-113.49382438968821,-111.2879375,-74.27115307875711,-31.987937500000086,-13.558657573815594,-33.942937500000085,-78.87918971780518,-104.98293750000009,-84.32405291229655,-47.74793750000012,-49.00749185985612,-86.04793750000024,-100.77962408725321,-63.70293750000003,-12.206072657805635,9.622062499999842,2.622349003583011,-15.582937499999943,-42.5276671237946,-66.88293750000008,-57.231685653975184,-9.287937499999998,33.561586669286484,40.50706249999992,35.739517758928045,44.607062500000055,39.69400771904601,-10.712937500000109,-75.54330969389709,-99.23793750000014,-83.81050499575517,-75.67293750000002,-86.9033180080806,-88.37793749999986,-73.52636942013214,-69.94293749999994,-84.82921850673885,-92.08793749999997,-81.6168523186013,-73.82793750000005,-76.14929112367156,-71.39293750000002,-60.673989634783084,-70.57293750000008,-99.98537584587808,-105.96793750000002,-68.5681399676287,-29.527937500000007,-34.06763652166555,-66.02293749999998,-76.47065271360367,-53.85793749999989,-29.67993469932948,-28.887937499999865,-48.14421427583689,-75.36293750000004,-100.74054304507357,-110.9779375,-97.87130403975257,-73.82293749999994,-60.518354973551844,-62.81293749999992,-69.07882641734815,-73.75293750000006,-82.17027212413757,-94.70293750000008,-103.30089903192571,-104.89793749999998,-103.96017859320656,-101.01293749999999,-92.4025653179049,-82.53793750000003,-82.29081668341854,-91.98793749999992,-98.75763332351056,-95.5629374999996,-91.47113442823711,-96.26793749999983,-103.90932330325458,-100.14293749999993,-82.6285656389385,-66.02293749999984,-66.62393957873782,-84.78293749999993,-103.57574156823901,-106.07293749999997,-94.34592698657084,-87.21293750000002,-95.75283582621391,-106.98793750000011,-100.43459382992042,-77.31793750000008,-61.283311985631954,-68.56293750000002,-89.04809651159398,-102.1329375000001,-101.16580098596391,-93.99293750000008
3,-79.53362499999994,-122.2721602463449,-106.35362500000001,-40.35122075587111,41.18637500000001,221.2179145571713,633.5363750000001,1263.6886421363865,1937.7113749999999,2467.8245383051885,2677.921375,2387.635135156343,1628.521375,853.6468968908075,622.9663750000002,976.7531747226233,1360.8513750000002,1290.045305192592,858.1213750000002,455.8021214447961,235.926375,89.32489122636973,-36.15362499999998,-80.29167284745168,-59.10862499999991,-60.65855465397178,-72.31362500000004,-7.63177232352399,110.06137500000001,167.64053651114006,156.09637500000002,176.1473204234963,246.85137500000008,267.8214416557013,191.691375,91.12776338817078,25.901375000000044,-27.398907181716467,-78.68862500000006,-76.88107346761146,-6.318624999999869,65.05991561296678,79.64637499999999,56.59940360900784,32.58637500000002,9.920386941427992,-7.003624999999985,5.01025123777805,36.34637499999995,38.70830874535393,-0.578624999999974,-35.489755385858984,-37.15862500000007,-36.396729802596724,-63.548625,-97.34050344283138,-103.00862500000004,-80.05375218891245,-47.69862500000002,-18.78480759643908,-6.7686250000000285,-23.978377364733646,-56.228624999999994,-70.31882671303005,-59.54362500000013,-52.33084355939594,-66.66862500000008,-86.1793018031877,-90.73862500000008,-83.11930443620572,-76.18362500000008,-76.10736881178144,-83.01362500000018,-89.05806009373032,-77.52362500000012,-43.6140902643822,-10.463624999999908,-3.9340844858337363,-20.278624999999934,-39.09923804474052,-54.07862500000003,-66.7108056443022,-66.32862499999993,-45.42144489347402,-20.688624999999902,-11.211801287812861,-11.16862499999992,-10.298251596442924,-20.19862499999998,-49.4445520037002,-75.04862499999987,-73.62887142886348,-59.94362499999987,-59.35185423056065,-65.42362499999999,-62.557053509990844,-63.82862500000003,-81.82306507323435,-88.23362499999995,-54.49357744002247,-11.078624999999917,-10.176805999576217,-45.23862500000003,-65.21411322209197,-56.423624999999944,-49.95500807333585,-55.25362500000012,-49.87782884394214,-36.023625000000024,-44.672070170258436,-74.96362500000004,-87.58088281535947,-71.29362499999996,-61.559058851036724,-76.54862500000004,-86.4937045630234,-68.35362499999997,-44.921093225307075,-44.323624999999936,-58.87297534863079,-68.80362499999997,-74.38586391729058,-81.53362500000006,-83.83247435838832,-79.70362500000003,-82.35124534173306,-94.73362500000002,-98.88041984615631,-86.71862500000009,-77.49787265169303,-87.21862500000005,-103.10911692003914,-106.63862500000008,-101.83712583510922,-101.5386249999999,-102.1434431631622,-92.42362499999972,-76.64138570685063,-70.10862500000015,-76.27287142646435,-82.19362499999995,-76.38703830298076,-63.27362499999999,-58.177388586928004,-68.92862499999995,-83.79616166652205,-83.76362500000002,-68.97165612538421,-61.77862499999989,-75.60971725269779,-93.70362500000003,-92.58014149453267,-75.15862499999994,-63.04973969094405,-64.83362500000005,-71.4133152402514,-76.63362499999991,-82.17684975774992,-85.03362499999994,-79.47236069597616
4,-100.93740624999984,-122.50794013691456,-94.99740625000001,-35.398338039867554,46.057593749999995,244.22513010593352,666.1275937500002,1258.5476355144303,1838.8275937500002,2260.6783832338515,2415.13259375,2140.237511679788,1392.0725937500001,548.4070370752477,245.48759375,700.9856972803282,1366.73759375,1488.513341831822,933.7675937499997,256.0734687402006,-9.592406249999996,120.7797192982126,275.8525937500001,228.29940338555573,64.06259375000002,-27.663004235465237,23.682593749999853,152.97482490682697,268.0775937500001,331.8081943362836,356.81259375,353.5563065574713,308.5925937500001,215.15516816747706,98.16759375000001,-6.647542734114722,-78.67240625000005,-107.10808812661851,-87.89240625000001,-40.335049351678165,2.9725937499999446,35.613492759604554,71.14759375,89.25435738658732,43.702593750000034,-50.898931768077944,-101.92740625000002,-53.34598831678516,34.18259375000008,68.20663806825993,41.4125937499999,6.848779196589476,-17.23240624999997,-46.48859979315621,-65.31240625000001,-38.25514524407639,23.46759375000002,69.06663947165336,76.24259375000008,60.89761792691712,29.647593750000027,-23.30993567235045,-77.1574062500001,-94.044155174033,-70.69740624999997,-41.6370409475534,-32.39240625000005,-42.07038845287168,-63.69240624999992,-87.88581499500592,-96.17240625000002,-82.69529021543771,-70.20240625000022,-74.86850653751952,-74.62740625000006,-45.79322058716028,-8.247406250000083,4.2344969800847565,-4.732406250000025,-14.315306439702496,-32.31240624999984,-70.82030118692325,-97.62740625000015,-68.95948296585351,-0.22740624999997294,48.99529515651693,53.25259375000002,34.4815874124547,6.527593750000094,-37.76881452244238,-85.58240625000008,-104.96929713274426,-93.28240625000004,-78.80287653681007,-70.23240624999997,-50.20896844582701,-23.292406250000013,-22.287691100204256,-55.17740625000004,-87.83624525701562,-93.17740625000006,-81.77913329675468,-72.49740625000007,-66.55307143795454,-61.78240625000004,-61.384816592121766,-58.54240624999988,-41.21984318676016,-19.937406250000038,-21.800331247886064,-49.32740625000007,-73.1723022503774,-72.87740625000012,-58.00746611985116,-43.33240625000002,-31.510189658072548,-27.5874062500001,-42.274042024115914,-70.1574062500001,-88.25892265659616,-85.77740625000001,-75.51720109172359,-70.64240625000014,-70.76546506075915,-74.54740625000011,-84.05889401662292,-92.88240625000009,-91.30104933827654,-85.63240624999995,-90.3452337111285,-100.46740625,-97.25215588480329,-82.87240625000005,-80.66149411774816,-95.10240625000003,-101.58413374284234,-87.35240624999993,-74.34498293387949,-84.02740625000021,-102.67576752784663,-102.92740625000013,-84.48335842752115,-71.69240625000003,-77.93915040492249,-91.11740625000002,-94.12941273230467,-86.71240624999993,-82.11584808017109,-87.05240625000002,-91.45766502759314,-82.73740625,-67.3068304907189,-66.42740624999999,-86.18331127887741,-104.70740624999989,-100.2366739598955,-80.92240625,-72.12380730245434,-81.86240625000003,-94.99717388809259
5,-108.09003124999997,-102.76733029779909,-77.58003125000008,-54.36558803493853,-26.100031249999958,86.74518545280095,381.24996875,859.2543845947669,1402.1199687500002,1861.0102683084656,2122.5049687500004,2090.29253136245,1723.8299687500003,1186.9078112796603,855.9999687500002,992.8725017933803,1392.21496875,1522.8470772366009,1108.4749687499998,453.80014066046493,86.16496875,163.97875871590594,380.23496875,399.5713798747807,215.57496874999998,48.001499680669966,42.59996874999989,170.13635864756952,334.13996875000015,464.50311406207726,523.7349687500001,501.9699141263433,419.11496874999995,301.88501299342914,166.93996874999988,43.5407832955225,-22.44003124999999,-23.83816566164215,-17.56503124999999,-46.22825956591194,-63.83503124999994,-1.0434605763273765,113.31496875000003,168.05821703894617,111.06996875000006,8.404120867267252,-53.64003125,-62.81993148311618,-51.240031249999944,-32.20452090228967,-10.875031249999907,-13.018080883640863,-51.71003124999999,-92.02806980145799,-94.13003125000002,-70.4104690856572,-57.43003125000004,-52.260227992915006,-26.030031249999922,12.285564981997211,19.72496875000006,-11.927015161414232,-40.53003125000009,-37.32722463277234,-24.440031249999976,-33.090924300404566,-59.70503125000004,-82.60280524892217,-93.94003125000002,-95.47038197455475,-85.92003125000002,-71.95215877686849,-72.07003125000014,-90.10969005867216,-100.4400312499999,-78.45298785748722,-34.61503124999996,-2.3596198866020472,-1.6200312500000535,-27.373924753251558,-63.46003125000007,-92.46582800961811,-99.13503124999998,-79.12180423190222,-44.02003124999999,-11.710246301587958,4.864968750000074,-1.3523798339890334,-30.125031249999978,-67.77887596344002,-93.38503125000005,-98.22752660400651,-91.04003125000001,-81.23793702201985,-69.67503125,-59.86379766221098,-61.89003124999989,-75.96589830242954,-86.00503125000017,-80.03248466519781,-65.93503124999998,-58.6028733501998,-62.830031249999934,-75.57487120725587,-91.28503124999995,-97.91595813276476,-83.73503124999988,-56.56435807162115,-38.830031249999976,-34.54127011104532,-22.61003124999995,4.042091490436505,17.404968750000066,-6.409926149769234,-48.16503124999987,-71.62070119029829,-72.03003124999998,-71.13847737667938,-77.93503124999998,-84.45315878857599,-90.4050312499999,-100.71228828853168,-105.21003124999993,-92.19480894093182,-77.22003125000006,-85.11706927281409,-105.80003125000002,-104.54582428932106,-78.99503125000004,-66.72816948347766,-85.2850312499999,-103.31646900363228,-91.55003125000005,-68.83210779364474,-69.95003124999994,-92.88344741097461,-108.79003125000001,-107.7056226169517,-103.43003125000001,-102.39643392963323,-97.17003125000012,-88.24542310325268,-86.40503125000004,-91.31698748178559,-89.39503125000006,-77.85105610039734,-72.93003125000001,-86.47504484436725,-107.21503125,-114.04276442780741,-100.3400312499999,-78.38595292723824,-64.60003125000004,-65.84455466269748,-77.11003124999999,-87.44764579388257,-88.11003125000002,-78.22887877396667,-65.3800312500001,-60.796158038848816
6,-88.8774792063178,-65.04556249999997,-70.77075025843041,-98.28056250000003,-42.83612993733257,211.6244375000001,669.8951903613652,1250.5644375000002,1889.7030832049177,2495.4594374999997,2814.1611813477566,2544.1344375,1717.9680976816041,855.4194375000002,543.8612918343565,853.5544375,1285.6969355589026,1318.2494374999999,904.2485447044196,406.6794374999999,156.1933091066715,164.8044375,223.09837622736023,168.60443750000002,23.802874254264268,-81.69556249999997,-69.76221016332245,21.379437499999753,107.91580145155946,155.88443750000005,187.25362193330744,218.6094375,233.68641637421723,214.20943749999998,163.46519689870325,91.79443749999992,6.4700343851770725,-72.49056250000004,-109.35277828086518,-82.28556250000007,-6.222934751420283,80.34443750000007,139.97190582685198,146.70943750000004,94.35885316527525,9.4344375000001,-56.61858743821733,-66.36056249999997,-29.320324515316543,9.144437499999938,10.944361514521916,-24.000562499999987,-65.2778605996346,-84.78556249999998,-79.39398829416433,-61.13556250000006,-33.66877472824662,6.80943749999993,47.602135205112106,58.04443749999989,24.937387369509267,-26.155562500000073,-60.70788173968007,-73.3655625,-80.05547385421423,-86.57056250000004,-87.25187993648815,-84.77056250000001,-87.17747271732343,-90.99556250000005,-88.78249243954775,-86.53056250000009,-90.6929976559777,-86.0405624999999,-53.895778363583304,-7.665562499999865,18.447420989888556,13.589437499999804,-5.6039306229695995,-30.7505625,-66.283684780904,-97.61556249999991,-94.87543940417441,-59.10056250000017,-28.40108817682905,-24.40056250000002,-27.886828065251706,-23.54556250000003,-30.059561142532758,-60.60556249999983,-89.23382509192132,-89.50556249999994,-77.52515660629975,-80.29556250000002,-86.19241808425582,-68.81556250000007,-42.52472859306435,-47.345562499999986,-83.82623497252557,-107.66556249999995,-94.14640225430664,-69.35056250000005,-66.37017593313102,-82.68056250000004,-95.53178853258186,-93.66556250000016,-77.51171958459148,-48.735562500000036,-17.576940414243765,-6.125562500000015,-26.398912378741883,-62.04556250000005,-84.48882705720604,-82.7255625,-68.78740895845787,-59.3505625,-60.96737702207138,-70.64556250000001,-82.72480639269133,-92.84556250000004,-97.37159968665705,-92.24556250000006,-77.3086281941464,-62.680562500000036,-62.91897582568394,-79.00556250000004,-93.67831919742899,-92.97556249999997,-84.61502287334562,-83.7205625000001,-88.02079486979595,-83.04056249999994,-68.01886376042718,-59.09056249999999,-65.66891747469832,-78.66056249999994,-84.34355536207833,-77.21556249999963,-58.66811908567654,-37.11556249999977,-29.92038902845806,-48.62056249999991,-79.11789668760863,-93.11556250000001,-83.730153371577,-72.56556250000018,-75.70235896184637,-82.5405625,-79.4501726037301,-74.92056249999997,-83.41924950113618,-98.28056250000007,-101.49356126389752,-93.01556250000002,-89.83669025792156,-97.80556250000005,-102.96205139974528,-94.0055625,-79.13659433245807,-74.54556250000007
7,-101.00325000000002,-122.16099324306843,-90.27825000000009,-33.53556688501503,25.586749999999938,216.94759661753588,697.1917500000001,1389.8791195062347,2027.5867500000002,2440.1608228363425,2596.48675,2386.994453581604,1694.1717499999997,793.8601403425062,340.66175,659.6357121236861,1254.98175,1348.5173459158545,803.6417500000001,194.9254016843639,9.451749999999933,132.4401084917128,189.98675,75.3358679976823,-49.61824999999996,-62.761945702568006,23.961749999999796,173.44924468570073,344.8217500000002,451.1210460412967,430.82674999999995,337.16163882916067,259.5117500000001,192.86840646296477,82.94674999999998,-35.80052759301505,-64.97825,-2.1776585620573172,36.30174999999994,-16.638675269302553,-79.19825,-42.6009756922836,70.4417500000001,136.92593886794901,93.85674999999992,1.664610654138201,-50.09825000000008,-43.02493173482712,-16.633250000000032,-0.12124668324980803,3.681749999999994,-10.840590243755727,-50.91825000000009,-94.1859231292939,-97.24325000000005,-48.866418977893645,12.096749999999957,44.509628453236616,45.25174999999993,28.430985547647424,-6.238250000000079,-59.5061256160231,-108.08824999999999,-122.79572038506494,-102.44825000000012,-70.72618427929243,-49.308250000000086,-48.41978264573248,-68.31825000000005,-92.84943364409419,-97.06325000000008,-78.33972550651426,-63.008250000000174,-65.56288325343175,-63.64325000000015,-36.1858630585066,-3.973250000000064,-2.954632075263561,-33.80325000000008,-67.04268418959,-84.42325,-87.4395977017648,-78.72825000000013,-63.561747735548664,-57.03824999999994,-62.57005303067746,-58.32325000000001,-33.435828263002804,-18.29824999999991,-42.56421697438451,-80.64325000000008,-83.031944138387,-51.228249999999996,-33.37988052050744,-48.08825,-62.917971716712174,-56.24324999999997,-51.44993370641416,-70.27325000000008,-92.93962043205218,-91.68325000000009,-74.84062720436324,-69.39824999999996,-78.29571994549536,-80.76324999999994,-64.78791735887941,-38.76325000000007,-16.563654086290484,-6.798249999999996,-13.95902429504666,-37.39824999999999,-67.01506951991105,-85.94824999999993,-81.8889059720799,-58.798249999999996,-37.63000986169311,-39.21824999999994,-62.75995695435555,-87.73325,-100.14279903073017,-105.93824999999998,-112.73454385895458,-113.29824999999998,-99.73688176581909,-81.23825000000008,-72.1717158780892,-72.36824999999996,-74.1291870240233,-78.74325000000007,-89.94305855749221,-100.47324999999996,-102.13981890305308,-100.70825000000005,-104.36114782394034,-106.73825000000001,-98.94548149811747,-88.62324999999974,-87.79294621668922,-90.61325000000008,-83.28004288237832,-67.99324999999997,-57.02482092864857,-51.48325000000003,-47.067503754431954,-51.69324999999984,-73.34016802188452,-97.68324999999997,-103.16288755851373,-93.08825000000003,-87.7078512538718,-89.79325,-85.36426567629988,-74.76824999999991,-73.4821376642918,-82.26324999999994,-85.79336706254806,-82.69824999999989,-87.26299580476383,-97.79825000000002,-94.51123281757104
8,-66.93734375000001,-87.29915544071683,-67.27234375000003,10.16880972651282,169.25265625000014,469.7685204617582,925.9626562499999,1432.2839881210127,1844.3826562499999,2086.9551418071014,2098.59265625,1767.5769062037593,1112.4526562500002,487.70735132638964,347.6326562500001,708.4405308668418,1052.75765625,920.3722040939045,436.58265624999996,78.8733552136225,54.76765624999997,146.05406687005558,111.34265625000002,-15.48403776539773,-74.48234375000004,-21.72319004565486,80.28765625000013,184.4948198737601,267.21265624999995,291.6361853859259,249.16765625000005,189.63740980495925,152.05265625000004,110.65076630986634,36.12765625000007,-40.052817173089,-72.66234374999993,-68.42360089471599,-53.58734374999996,-18.03633249742937,50.947656250000094,111.77481438457137,107.96765625000002,49.952499010623725,3.8826562500001103,5.47468486720787,30.46765625000002,46.101455661314574,47.20265625000003,37.406595029505056,13.307656250000022,-21.355896539883574,-51.68734375000007,-69.62993513717508,-76.42234374999995,-66.6579560545056,-34.25734375000005,2.7651560328002773,10.272656249999883,-19.280887919722545,-54.02734375,-63.839772731419565,-54.10734375000003,-45.37879216254498,-40.57734375000005,-33.327447399977345,-32.64734375000005,-51.93744493609988,-79.81234375000003,-89.51808462753866,-78.28234375,-70.9213064265287,-78.08734374999996,-77.3994566271844,-50.052343750000055,-13.3149276458754,3.1326562499997834,-4.277303192296259,-19.807343750000015,-38.39844925363294,-62.54234375000001,-79.37972474817015,-70.43734375000001,-42.00267350828411,-19.682343750000015,-13.331075264975382,-12.53734375000002,-15.80656663237717,-34.97234374999999,-66.57358821657995,-88.04234375000004,-90.69554243242871,-89.85234375000002,-93.67140852533015,-90.01734375,-75.13454625072542,-65.59234375000005,-66.56036405846388,-58.27234375000002,-34.06541438452889,-22.30234375000002,-43.86939822763966,-73.45234374999998,-74.62286783958672,-53.55734375000002,-43.37777047855591,-48.99734374999995,-44.75126614842659,-22.137343749999985,-4.7502599429665935,-11.797343749999953,-34.39890449719744,-54.50734374999993,-65.60298650807249,-68.18234375,-62.907150726704394,-55.54234374999989,-55.133919719559856,-60.97234374999999,-61.15241802426385,-48.42734374999985,-30.348070787951386,-21.36734375000009,-29.739004000730148,-51.687343749999954,-74.34531294979544,-86.45234375000001,-88.54630608606801,-88.27734374999996,-85.91052233534828,-74.78734374999999,-57.847149953634144,-49.30734375000002,-54.38249162473246,-62.33234374999991,-66.5149702105252,-74.08234375000006,-86.27087723803946,-88.43734375000021,-73.68021859059627,-57.66734374999997,-53.28847621338324,-49.40734375000002,-35.15698651642964,-26.822343749999916,-44.41119629653057,-75.07234374999993,-88.12032998858616,-78.22734375,-66.72648780897033,-66.06734374999999,-69.86676455923438,-74.45734374999998,-83.29657817716743,-90.51234375,-85.13550591405674,-72.59734375000002,-69.17620687932116,-75.13734374999996,-76.53216290776898
9,-137.07277189978493,-111.12725000000005,-75.82806971500351,-65.79225,12.20732028320181,285.19775,738.0477654002518,1266.93775,1847.7585288784644,2441.95775,2755.9177751534176,2401.04775,1449.0538479580805,592.5127500000001,488.29370816220825,1024.0927499999998,1464.9166203635189,1297.68775,714.4375475369687,243.62275,130.92555467209968,206.19774999999993,214.0479579834422,96.60274999999997,-31.76206461090689,-59.61725000000001,20.675570130256077,136.9527500000001,214.50989451000368,228.43275000000006,200.04699098935617,161.63275000000004,131.24984201880903,109.17275000000005,83.93097446955609,44.85775000000011,-2.617060064864603,-37.262249999999995,-39.962727406044266,-5.107249999999979,58.82371490034022,120.71275000000001,128.5707301854339,58.67774999999999,-32.44709086704337,-50.20724999999996,24.650372620537027,105.82775000000002,109.21934523166702,48.882749999999945,-7.158125253947176,-33.957250000000016,-54.537834270916086,-78.36724999999998,-89.86007168377327,-86.02225000000001,-79.20391677831728,-67.7822499999999,-41.83884375359119,-12.89725000000007,-4.476367289000223,-16.877250000000018,-29.10627051534898,-30.16224999999993,-25.37896014761961,-21.722250000000074,-27.683424364033357,-52.447249999999954,-84.24069962803793,-91.05225000000002,-67.14706082363175,-51.69224999999997,-69.85475114024138,-85.74224999999987,-55.84741640674495,-2.14225000000026,18.903612370478,0.552749999999989,-16.255871530684402,-17.022249999999985,-26.95562671220152,-51.89225000000009,-63.2873884240056,-50.177249999999916,-35.80039311258835,-31.847249999999946,-22.840810551445315,-8.317250000000016,-14.668672463173522,-47.76225000000011,-75.22575989553638,-75.2072499999999,-65.14769314864517,-63.002250000000004,-58.204124338732946,-44.69225000000003,-45.43164614597666,-72.92725000000007,-95.97979749225073,-81.68225000000004,-49.079980533750344,-44.22225,-74.50883861605622,-103.0722500000001,-103.08363039125591,-84.63725000000005,-65.84247478315216,-47.44724999999997,-27.264621669937,-17.53224999999999,-30.505168530128884,-57.06725000000002,-75.46050234725475,-78.18725000000008,-76.96615513039113,-80.36725000000004,-80.69543435353116,-70.93225,-62.798730706224504,-72.73225000000006,-95.06128018955938,-106.53225,-97.32451416004159,-79.94725,-65.8892879001896,-54.55724999999993,-50.68285132933458,-67.24725000000004,-97.38988495674886,-108.31224999999999,-84.53900557483468,-56.08224999999997,-57.17010001427773,-74.94224999999997,-71.72848354699917,-46.35725000000002,-35.0571770776298,-52.32724999999968,-68.69145673513623,-57.40224999999983,-32.40474079528293,-23.807250000000025,-37.98798914006842,-59.067249999999945,-74.13354130007717,-80.90725,-81.06156543683525,-79.77225000000001,-84.91068918438245,-96.32725000000003,-101.95851255045827,-92.78224999999998,-75.71648594330178,-64.28725000000006,-62.1673459154314,-63.562250000000006,-65.49455144464059,-71.52725000000001,-84.15931867142793,-99.13725000000005
10,-82.89947664066192,-80.70721874999995,-97.46656364489269,-111.55221875000015,-47.608721691497735,182.93778125,606.8749315087003,1169.93278125,1782.7185865846918,2334.3827812499994,2648.834769411863,2522.30278125,1925.4586687687547,1167.53278125,729.2325562359665,828.82778125,1185.1240564615514,1295.3777812500002,950.9256722640823,413.48278124999996,79.27081008546192,59.05278124999994,145.75543399734062,124.45778125000011,1.7219716035464927,-75.57221874999999,-26.666216588634526,100.47778124999986,221.2697019037111,292.86778125,305.859340566808,260.4427812500001,176.55066109861798,96.62778125000004,52.05208149172988,36.85278125000009,26.70113500547059,12.782781249999985,6.763026695743335,22.237781249999998,59.86431200964107,101.88278124999998,116.57199367610544,82.85278125000018,20.219998105707234,-20.017218749999884,-6.602211150788065,39.42778124999997,75.07304321602327,81.76778125000003,64.78223892856347,25.48278125000003,-34.87714684653281,-91.10221875000008,-108.4246280654663,-86.37721875000003,-59.95752625089367,-49.17221875000003,-36.35411164881954,-7.55221875000008,13.282552530802334,-2.342218750000029,-39.78047449008319,-58.197218750000026,-46.734650872861465,-33.592218749999915,-39.77475316042836,-53.19221875000002,-57.439742144127784,-61.01721875000008,-79.39680501871553,-102.63721874999996,-103.31522518591191,-74.84721875000005,-42.89750782891913,-31.74721874999979,-33.1334754094412,-22.71721875000007,-1.4612893173702588,-0.6872187499999853,-38.841932438874295,-89.5722187499999,-108.65172922107776,-83.45721874999995,-37.795316274834235,4.962781249999949,38.50254458461852,53.62778125000001,32.339995815873564,-23.4672187499999,-79.57161758746125,-104.27721875000006,-100.62288447222296,-88.34221874999992,-71.9967743580262,-48.91721874999999,-33.21461642114386,-43.14221875000001,-70.38223831614056,-88.11721874999998,-88.08083686306627,-86.22721875000008,-92.34739610032857,-97.84221874999994,-95.95946689892804,-91.4172187500001,-84.72391713759754,-67.27221874999994,-39.01490782935102,-14.482218749999987,-5.635755804398599,-12.812218750000014,-33.5400912809217,-62.34721874999993,-81.29022951219645,-73.56721875000002,-51.65945510644835,-48.72221874999998,-73.86176986177529,-99.0322187499999,-100.80517392995026,-91.14721874999995,-91.64497903293163,-99.73721875000008,-100.49915011573782,-94.14721875000005,-90.1781635788903,-87.16721875000003,-79.26827221463736,-73.12221874999999,-78.8546346819049,-91.16221875000006,-95.85651469611068,-89.04721875000004,-76.69050237711781,-63.57221874999989,-55.079665787979025,-58.807218749999706,-70.94853515199685,-73.86721875000013,-61.90705579114102,-54.562218750000014,-66.49522095611024,-81.84721875,-81.28173687660745,-77.0222187500001,-90.93553226054246,-111.55221874999998,-109.08790176285166,-86.76721875000001,-78.66863813926987,-95.41721874999993,-110.05049303430854,-105.26721874999996,-98.1443300774406,-104.41721875000007,-111.65929899437047,-106.52721874999999,-99.85544591671683,-103.20721875000004
11,-71.07243749999992,-85.48497717188216,-81.79743749999994,-46.03907876540826,43.872562500000015,269.49714053632977,714.4125625,1333.7666174920923,1946.8225625,2372.0371316435676,2500.9175625000003,2261.6532641841122,1674.4975625000006,1009.1024521656817,701.3075625,918.4572261181039,1285.2175625,1249.5701913834846,719.4875625000001,150.31518940727545,-30.582437499999997,108.64283522835876,206.2025625000001,102.00391289253184,-45.177437499999954,-52.26035757619032,70.96756249999999,211.92384132302868,311.4725625000001,364.6366489721997,357.0475625000001,281.1665139469156,179.1575625000001,107.70872126146585,71.38256249999995,31.92237711105119,-23.837437500000078,-62.65256629828522,-53.26243749999994,-4.889628728195532,51.81756250000001,96.337061045827,115.35756250000011,92.33227197511445,29.797562500000055,-26.756170820199927,-21.907437499999958,43.56578995147308,104.90756249999984,105.48161066967904,55.337562499999905,1.7066966679094548,-35.09743749999997,-67.50110218443962,-97.37743749999997,-104.19917384119542,-79.47743750000004,-43.868406816831296,-20.187437499999987,-10.073215614396958,-6.852437500000065,-12.828445850886993,-30.177437499999996,-46.96416906013265,-47.42243749999997,-33.37824106104311,-25.817437499999983,-42.659414214282904,-76.69243750000001,-98.86954618411133,-89.25243750000003,-63.45494956438377,-55.65743749999996,-71.36724179403052,-75.28243749999999,-39.52562916347057,13.74256250000002,39.11739917911419,23.747562500000043,-9.089645605915933,-41.22243749999987,-72.16387683707052,-93.22243749999993,-84.1136496942867,-45.15243750000003,-6.73202105619886,4.582562500000108,-9.767761169972175,-35.52743750000003,-62.07362621734092,-76.45243750000002,-66.34421515974529,-42.19743750000005,-34.954636251864045,-57.157437500000015,-84.78971117172944,-91.57243749999991,-82.52193583862271,-77.80243750000004,-81.50164982837569,-85.5174375,-89.7400507286114,-97.67743749999993,-101.93707648949604,-93.20243750000004,-76.58174653919242,-62.31243749999993,-47.112066630593915,-21.927437500000053,6.2311301288387995,16.797562499999998,-0.3307638352846425,-34.487437499999956,-66.41885486401473,-82.44743749999998,-80.67420181531021,-71.97243750000004,-71.35046495824076,-81.85743750000003,-92.34361016242764,-95.62743749999994,-98.5163306178099,-106.15743750000027,-108.98933713028127,-98.01743750000007,-82.9248405916992,-79.85743750000009,-87.96956325318513,-93.0824375000001,-89.96699294653475,-86.34743749999998,-87.29703546268684,-89.18743750000013,-88.73675394167932,-87.23743749999993,-85.71763667207412,-83.76743750000011,-82.08111411541447,-80.6174374999998,-77.63009911694391,-74.78243750000004,-76.85896448287652,-82.22743750000002,-83.09467819453309,-80.34743750000001,-85.31004267587889,-99.25743749999998,-106.86784818166882,-101.29743749999997,-98.27143256968182,-109.1974375,-118.14955831190076,-107.27743750000005,-89.30301060061456,-88.33743750000006,-100.4053764808705,-102.20243749999999,-90.66103271181662,-82.78243749999999,-81.50844322732203
12,-84.95921875000012,-117.96155768801933,-104.52421875000005,-55.55106783592416,14.990781250000055,222.02980032837897,702.88078125,1384.3031255440155,2017.8307812500002,2431.1213006633047,2557.8257812499996,2268.3534892607536,1496.28578125,610.8968275075042,292.7107812500001,766.9659430455489,1404.02578125,1406.4939067660746,753.20078125,131.2222271504554,15.360781249999945,191.13623599338146,227.80078125000009,61.867310471100325,-68.28421875000012,-26.253483116888972,110.94078124999996,235.48612803293335,315.20578125,348.67491938108185,336.26078125000015,292.386278057152,227.41578124999998,137.51235675160396,42.32078125000001,-13.211669300051199,-24.154218750000013,-36.70459933450799,-63.13921874999997,-50.637486012662606,24.345781250000016,95.95653581183052,95.20578125000011,41.6630574065006,-2.74421875000003,-20.560310396944686,-25.864218749999935,-13.464087854615215,17.725781249999955,28.778651724281275,-9.504218750000021,-59.16101982342096,-66.07421875000003,-44.32210542396386,-49.41421874999996,-83.73574629175307,-90.72421875000005,-41.395424311003794,26.655781249999933,62.91567604992804,55.380781249999984,22.700461492229664,-9.989218749999992,-21.756962803145854,-12.24421875000003,-11.375135648638434,-45.76921874999992,-93.83539090545077,-103.54421875000008,-60.59155369811543,-11.004218750000021,-4.991164639867108,-40.33921875000024,-73.8565665247253,-71.99921874999993,-37.83686878732129,-0.5292187500001262,10.017738464512291,-13.944218749999976,-50.84600980833793,-69.87921875000009,-62.347077126098014,-46.42921875000006,-38.415393336900365,-31.039218750000003,-9.577530913919873,19.405781250000018,29.67265134748203,5.665781250000151,-38.86569089200299,-75.03921875000007,-84.6996267971141,-70.40421875000004,-47.84147409843739,-33.72921875,-35.832181699889105,-48.629218749999964,-60.783300595845574,-68.94921875000006,-78.22933515347296,-86.44921874999999,-79.93791534369134,-55.21921875000003,-33.60489323429876,-37.049218749999994,-56.27893493182259,-63.33921875000009,-52.573734924135934,-45.23921874999988,-51.9057653629045,-57.52921875000002,-53.11590065303783,-55.04921875000002,-75.10835219911388,-93.43921875000001,-84.7448317255747,-57.10921874999997,-41.500759883378805,-51.419218750000006,-73.62445533623222,-91.71921875000001,-98.67977628019763,-91.44421875000013,-73.79509546957946,-62.82921875000008,-73.8736825606016,-98.33921874999999,-111.93165587279944,-105.2442187499999,-92.21834100316957,-87.78421874999998,-90.55062133231746,-90.02921875000004,-80.67644396502564,-66.23421875,-56.3368079468982,-58.23421875000008,-67.5067401148719,-71.33921875000027,-65.48455169069597,-60.09421875000004,-62.75103281302733,-66.87421875000001,-66.36071302479417,-69.09921874999992,-82.39287317442904,-96.67921874999996,-99.84056370946844,-96.75921874999997,-96.4364940791641,-91.04421875000003,-71.05725382867536,-52.72421874999995,-62.29850116809729,-94.42921874999993,-114.53864491226395,-106.67421875,-92.11395669037452,-92.14921874999999,-98.58067225870175
13,-90.63090625000002,-106.55671471458281,-96.98590624999997,-61.257563965562106,28.554093750000035,254.2262245978386,671.2640937500001,1220.4834911704024,1758.5540937499998,2138.0825072718926,2219.4090937499996,1900.3264281205807,1273.6640937500001,715.5080877010788,624.04409375,991.9468586579729,1358.4790937500002,1282.8230795946915,793.1090937500002,287.7722723930374,70.36409375000004,95.57543301858594,135.95409375000008,66.50464317602915,-52.36590625000007,-93.91798560304079,-4.415906250000006,161.69693442049936,309.68909375000004,387.5808649058016,396.5240937500001,344.2302340329992,235.4890937500001,111.94562080793362,43.04909375000001,45.92254487212172,58.42409374999998,27.3809665701135,-16.83090625000004,-13.089011979263631,41.74409375000012,101.39289323311489,132.91909375,124.61375956070596,66.87409375,-19.37439685059421,-64.82090625,-24.607632828871573,49.71909374999997,70.98905623969652,32.204093749999984,-2.5143486133653568,-8.930906250000021,-28.57969046606253,-78.64590624999995,-111.10040126023748,-87.44590625000004,-35.42840085109191,-0.3909062499999294,12.709379319212104,16.73409374999997,2.7714448362432478,-38.24090625000004,-80.19774222151207,-85.11590625000005,-51.32305921585818,-13.920906250000016,-3.8914064324579556,-22.02090625000008,-46.28142512765724,-54.48090625000006,-45.13186087482771,-39.12090625000003,-52.85875954032827,-72.75590625000017,-70.68713735924717,-41.92090625,-10.409041176716912,1.0290937499999302,-12.434643340252364,-45.06590625000001,-80.96485191022445,-90.49090625000002,-54.50717029682963,5.064093750000012,43.882984120944926,46.194093749999965,32.12430514293821,15.464093750000146,-12.50344342958725,-51.13590625000019,-77.15266172009723,-77.56590624999995,-67.73175226379672,-62.960906250000065,-59.50288122919757,-57.235906249999886,-70.76088959523041,-98.4559062500001,-109.26392209302212,-85.01090625000005,-51.9004130574625,-43.540906250000035,-53.7063652539271,-54.180906250000035,-40.791937269691374,-29.560906249999945,-21.117454841904035,-4.380906249999967,10.979904077848673,1.5040937499999814,-29.395903264445323,-50.00090624999993,-46.06368714886629,-39.70590624999991,-52.34786705340388,-73.63090624999995,-81.62660560900363,-74.61590624999995,-66.74061018218278,-66.03090624999997,-72.0032271796263,-84.09590625000007,-97.30406015745695,-97.75090624999999,-78.16928926659273,-53.20090624999994,-45.376884966775435,-58.54590624999993,-77.39478476167957,-90.16090624999995,-97.82142279085141,-101.81090625000002,-98.4858041874984,-89.82590624999996,-85.86734681306402,-89.40590624999999,-89.1048531720536,-76.02090624999978,-58.25599842123365,-50.23090624999983,-54.33458552669436,-62.59090624999989,-70.88437316099399,-81.11590625000004,-92.3382115710645,-99.63590625000006,-101.06283301092715,-98.53590625000001,-93.46293648505308,-87.61090625,-85.02568900284793,-86.29090625000006,-85.23012696656568,-79.22090624999997,-77.1312722291854,-86.30090625,-97.06110313527174,-94.33090625,-81.7781765827072
14,-105.68203125000008,-152.43220812097877,-98.30703125000004,-10.945812920831756,32.81296874999998,209.59038643789975,747.1129687500002,1523.9629253614619,2188.4579687499995,2610.4094816806687,2837.29796875,2669.729339996785,1826.0329687499998,649.5485319725598,74.08296875000002,529.7329233954136,1303.65296875,1411.7519734068817,797.4079687499999,207.1248753444505,103.94796875000003,235.18319072630933,221.07796874999994,65.03730874360204,-36.69203124999997,-28.640103151838773,31.532968750000038,115.40247404351936,204.08296875000005,258.99789195480037,280.97296875000006,293.927484900223,260.6379687499999,136.26686169870706,-7.872031250000035,-55.86680924013404,-28.242031250000124,-40.29138665968031,-92.80203125,-69.73838559270162,51.06296875000004,149.7268361644656,148.42796874999996,94.32072601299373,37.23796875000002,-29.5680835104596,-81.36703124999997,-58.95991462700328,10.627968749999894,22.187095133516493,-44.232031250000034,-93.03133889214409,-76.45203125000009,-58.451853296368284,-77.76203125000006,-77.64731942421993,-24.142031250000016,24.306536915266946,22.462968749999987,7.602653778891025,9.042968749999915,-9.630094391542187,-61.577031250000054,-87.04945807136572,-53.49203124999997,-18.03194633856367,-30.312031250000103,-53.83445314535759,-42.95203125000016,-21.725542580098463,-25.712031249999995,-34.766916333580454,-23.65203125000012,-16.668928308810194,-34.342031250000474,-44.050751109166725,-20.04203125000008,1.171516270960268,-19.472031250000057,-57.03621634154609,-68.38703124999992,-59.81168476853573,-57.70703125000005,-52.584664193670484,-24.122031249999978,9.853728587820314,16.042968749999943,-6.795467023183477,-37.997031249999836,-67.22341364631599,-88.50703125000004,-90.61592820869897,-78.19703125,-73.47041343759375,-78.37203125000002,-69.89426125725115,-48.742031249999954,-48.90262283005727,-78.4920312500001,-98.72428971083292,-87.75703125000001,-76.92958815209246,-92.17703125,-107.73539313745641,-95.76203124999998,-76.55007627918755,-76.07703125000009,-74.4292275322919,-45.27203124999994,-13.556782164889341,-21.782031250000074,-60.93108089621951,-84.23703124999996,-75.57355796758696,-60.172031250000046,-57.0780158583041,-61.18203125000002,-67.68105903897208,-79.54703125000003,-91.39005531276786,-92.57703125,-85.37353053642786,-80.63703125000004,-80.8311496723203,-83.43203125000014,-91.07157841142661,-101.83703124999998,-102.52106999101221,-89.58203125000003,-82.33929564539763,-94.92203125000006,-109.70200767183096,-102.09703124999992,-79.33089999088205,-68.97703124999995,-78.00322162089239,-89.24703124999968,-92.82680021380231,-94.9470312499997,-97.39226281862713,-93.23703124999997,-84.92061978434727,-84.43203125000001,-91.36982822387581,-90.57703124999989,-77.40105053660227,-67.36203124999992,-72.70868331198027,-84.84703125000004,-89.77701370440495,-87.78203125000002,-86.19020582964905,-83.59203125000008,-76.00136490820472,-72.01203124999995,-84.51517047492361,-107.17203124999995,-115.58194994861378,-98.43203124999998,-74.73904586313344
15,-97.1714135881156,-69.98093749999998,-38.274955265994706,-51.48593750000006,9.332754036550782,302.9590625000001,786.911557504381,1299.8990625000004,1810.795896626044,2317.6440625,2546.7005262432276,2133.9540625,1224.8261777688283,546.2540625000001,635.9113673605402,1218.2140625000002,1581.9283603825322,1397.1240625,907.199273485468,467.8190625,210.62377951636486,118.4090625,137.95413095191228,161.84906249999997,93.53202066529309,-12.825937500000052,-9.968075975630896,125.79406250000014,263.5355447425418,311.12906250000003,305.2182452597366,290.5090625,243.15699552984674,153.41406250000009,71.90563155576393,27.03906250000003,-15.6130792273037,-73.47093749999993,-103.98875783494196,-75.66593749999998,-16.48128246753339,34.059062500000124,62.17587783180457,55.00406250000006,3.2701909921755856,-54.690937499999905,-55.03012762428123,4.514062500000051,53.75624346703606,42.73406250000008,-5.309121937511222,-45.56093749999994,-64.64977537457983,-67.81593749999996,-59.76598497320685,-52.460937500000036,-54.15805209565414,-46.165937499999984,-8.963672800049281,31.549062500000105,29.578573182620687,-10.020937499999974,-34.69086758464013,-19.790937500000027,4.827680383342027,7.0840624999999875,-12.100948889211082,-38.79593750000002,-60.678977992454726,-61.10593750000001,-37.32707069433489,-21.22093750000009,-42.28864623179737,-76.98593750000009,-77.69913064664613,-43.50593749999986,-15.290411204804613,-9.240937499999959,-7.20643665454476,-7.540937500000098,-29.100712976866106,-62.7109374999998,-72.80086897267468,-53.595937499999984,-34.66062403204701,-26.825937499999924,-13.219851349115558,1.699062499999954,-11.638731759579471,-52.495937500000096,-82.20700703408315,-84.68093750000003,-85.25255281945755,-96.03093749999995,-93.57298401060896,-69.82093749999993,-56.205556825698956,-72.1809375,-92.24046070292914,-90.17593750000006,-78.60873372208799,-78.5209375,-83.7655962827309,-82.82593750000005,-85.55999464080709,-100.46093749999994,-110.13516728776047,-96.02093750000003,-68.18237656397588,-48.400937500000026,-41.72514217160547,-44.21093750000013,-59.71550075025248,-86.89593749999999,-104.23261323294066,-90.62093750000003,-54.23394372782881,-25.2259375,-24.21596899149816,-47.08093749999993,-74.52825261519695,-89.57093750000003,-90.77249081432736,-91.18593750000007,-99.44506686189482,-106.0309375,-98.58029010789652,-84.11593750000003,-79.35772288375719,-83.89593750000009,-83.55177395218307,-78.0409375,-81.76967228943015,-95.15093749999998,-99.37521649545499,-86.78593750000007,-74.74999321618279,-79.03093749999977,-91.36329932991751,-95.15093749999988,-89.06253411003932,-82.72093749999993,-79.34967325020125,-74.97093749999982,-69.70411881664694,-70.18593749999992,-80.81607822840519,-96.06093749999994,-102.71560133947159,-92.87093749999995,-75.72297159635067,-69.5509375,-78.2673834532479,-86.10093749999986,-82.68987526026076,-80.2209374999999,-92.02012059141568,-106.31093750000001,-101.21530933039685,-79.36093750000005
16,-125.0447929326786,-85.24181250000001,-26.502374305495366,-37.16681249999992,-19.17093877721578,205.99818750000009,625.2537783970103,1091.2731875,1578.1621375224731,2073.6181874999997,2263.17871357406,1760.4131875000003,785.1090159550822,188.98818750000004,506.688132844135,1268.1631875000003,1581.6920026912521,1187.0431875,577.5342463571693,233.9181875,153.295829336069,122.60318749999996,70.26785021150053,24.998187499999943,-14.870692682765977,-28.336812500000036,56.81814547585901,240.2731875,410.11838711085204,486.1181875,494.1260016554286,460.18318750000014,351.3717662608411,173.46818749999989,18.22437174934373,-48.546812500000016,-63.74851512192004,-82.68181249999999,-91.28322424110308,-48.18681250000004,44.28204524578135,146.0931874999999,209.86891752816803,192.07818750000013,90.11271526378803,-21.166812499999978,-48.66044819033939,11.223187500000023,75.24842742491671,83.32318750000005,47.66347087468034,-2.8668124999999804,-57.08066327261643,-93.55181249999998,-84.77023982793838,-42.286812499999854,-4.964632298242805,19.47818750000002,47.54894687679803,62.77318750000006,31.01215925330942,-29.541812499999992,-61.2500720038657,-52.04181250000001,-43.570357851238626,-55.081812499999955,-65.33318857935382,-69.13681249999999,-82.29134994458623,-90.29681249999993,-64.55826471116116,-29.926812499999883,-38.41963702444957,-72.8318125000001,-61.22998661535257,2.498187499999844,42.421945070087276,24.598187500000023,4.366617560583677,16.778187499999973,12.610274330464293,-45.09181249999986,-101.9346219682269,-92.94681249999995,-39.51291980309482,-3.3118124999999736,3.910412420690534,3.353187500000132,-11.481740536257774,-53.36681250000004,-92.81117642786313,-92.65681250000002,-68.1872835471704,-59.37681249999994,-64.82249728918855,-55.8568125,-38.698390854337745,-47.63681250000004,-82.65929746554446,-103.57681250000005,-89.54615687984138,-64.6968125,-57.07320375879729,-62.78681249999997,-60.924042463091,-42.99681249999995,-17.525848423060438,3.593187500000056,16.266559535366298,23.0931875,20.920690402597444,-3.6268124999999145,-52.05509255357671,-92.78181249999999,-88.4252309238674,-48.88681249999987,-27.526367082390934,-51.571812499999986,-86.50771377117526,-90.28181249999999,-73.3673689182559,-73.55681249999998,-92.88730154018909,-98.84681249999991,-80.19481851245479,-63.11681249999995,-67.75646084999434,-80.60181249999992,-81.68657507052201,-75.1268124999999,-76.6293670095226,-86.40181249999998,-91.95025101360771,-90.06681249999995,-89.7814766340581,-94.84681249999991,-97.09978425696463,-90.72181249999977,-82.3171986471153,-79.82681249999993,-79.51180870682572,-74.3468125,-70.2129695827962,-79.16181249999983,-95.9775742902873,-98.13681250000008,-77.32688955162843,-56.45181249999998,-60.792424336158625,-81.68181249999996,-86.73813880028156,-63.191812499999976,-33.18451787699861,-23.536812499999982,-36.16618731973222,-55.151812499999956,-69.90296568529861,-80.18181249999995,-85.6928229752036,-83.48681250000001
17,-101.21903834666759,-87.32781249999995,-56.672546564898134,-53.23281250000002,-12.572036712839662,180.1921875,518.6544985725781,892.5221875000001,1254.8729361429967,1601.2521875000002,1783.3629361995834,1575.7371875000001,1030.8191461806418,571.0571875,556.8555818329518,875.4371875,1109.8801785512892,1021.0621875,706.9078443919982,371.2521875,129.3463111267372,19.162187499999973,23.564735012639588,49.51718749999999,10.053964441117586,-50.057812500000026,-13.694385066232016,118.27218750000004,211.53229560037403,190.89718749999997,129.62954472530163,108.38718750000002,97.85004720233688,44.76718750000008,-18.010692627199333,-29.437812499999993,-8.246455466199563,-19.827812499999965,-63.659725979043806,-65.93281250000003,16.983635234246606,135.07218750000004,194.22033963774038,149.40718750000002,45.889927752281935,-25.512812499999995,-16.510532035587403,37.70218749999994,70.33505272692337,57.962187499999956,23.749686242402348,-10.912812500000001,-39.01796698759192,-45.48281249999997,-18.16388858372916,20.282187500000035,33.3666885007562,23.277187499999982,21.716266694799387,31.132187500000086,22.541186494783673,-5.64281249999992,-17.70734362102202,-0.6128124999999898,13.639400322966466,0.4671875000000085,-25.814497572841347,-47.24781250000011,-65.62257590416326,-75.92781249999993,-61.88388162364288,-35.907812500000084,-36.65476234743842,-64.13281250000007,-65.11566560801133,-12.972812500000117,43.467176050721335,47.37718750000003,10.00228640200828,-21.722812500000003,-38.01384291839735,-58.92281250000005,-79.41740010126318,-72.27781250000001,-35.737453958486,2.522187499999987,23.130959405068737,24.78718750000006,5.4307985429739745,-33.79781249999995,-71.66354361317657,-83.33781249999988,-70.55045211070339,-52.97281249999997,-38.60982157508106,-26.417812499999897,-26.253767788277784,-46.99281250000003,-72.65178967385802,-79.51781250000003,-71.45931556070212,-69.80281249999997,-73.91319731726878,-63.507812499999986,-38.31492093225829,-22.15781250000009,-23.30707918231718,-21.91781249999991,-5.673224484808188,9.902187500000025,8.226141369760228,-5.707812499999989,-22.1825759108507,-43.227812499999956,-66.50040749103516,-73.4928125,-54.38339853631289,-30.32281249999999,-29.37765576792105,-48.64281250000002,-60.62169994722893,-52.43281250000005,-37.970514817303055,-31.15781249999999,-28.08062208013836,-23.117812499999985,-25.44878495124088,-44.98781250000006,-70.9265265706047,-80.75781250000003,-69.94469490822293,-58.57281250000002,-64.29208281001583,-80.01281249999997,-86.31624756930195,-77.63781250000014,-65.32137330521493,-58.73281249999987,-54.87650105090704,-47.187812499999886,-35.65174696789416,-26.467812500000008,-27.711989558986886,-44.41781250000009,-70.57200206103155,-88.0328124999999,-83.83981157064294,-68.2478125,-63.76906383827557,-75.31781249999999,-84.75569919154776,-78.35281249999997,-64.80916756310204,-59.242812500000035,-63.50035754918237,-71.57781250000002,-81.2539742266562,-89.24281250000008,-87.51201873111064,-77.50781249999991
18,-142.40526248718697,-104.42356250000006,-37.204056581940094,-36.118562500000024,37.81271796819101,410.47143749999987,1025.7661889760777,1627.2164375,2158.184492712068,2689.6864375,2947.775550611015,2438.8064375,1270.516311551901,371.4714375,483.5089603628435,1233.1264375,1628.0512143694748,1270.2114375000003,630.1109257213604,244.4214375,140.58646073226365,99.4164375,50.100723982318385,25.52143750000002,5.976865897985846,-12.223562499999971,36.35666642731286,149.1614375,207.81302440016694,156.65143750000007,93.43028252435013,102.67643750000005,128.93669864893198,97.34643750000001,41.18823616892715,21.261437499999943,16.089209976271803,-19.358562499999977,-57.773452034716435,-40.13856250000002,34.99497479052053,114.5064375,144.20999310141266,96.44143750000003,-4.795516081203601,-74.02356250000005,-41.51764395189342,49.44143749999995,88.20124637200095,42.94143749999995,-15.637691739626746,-39.06356249999993,-55.54208626733327,-81.3335625,-75.43338448350482,-21.528562500000078,27.864149800962508,32.0264374999999,16.339342156493444,9.271437500000076,-4.780663985079869,-32.29356249999998,-40.01771405162893,-19.41856249999998,-16.753929472457898,-55.18856249999998,-88.03247994467827,-75.41856250000006,-50.321740621012665,-58.9835625,-86.19992998858295,-90.72856250000022,-72.60465950741123,-56.1735624999999,-41.855314352239986,-20.71856250000016,-7.279015338514853,-16.993562500000024,-36.95123773521085,-52.3035624999999,-73.41845642565508,-104.99856250000013,-118.43824113974222,-89.41856249999984,-37.81991718357446,0.2464375000000132,15.331856551082012,12.9014375000001,-11.609101229714256,-53.988562499999944,-83.40419680387595,-76.99856249999995,-53.13584259174653,-42.54356249999999,-47.05037285725517,-52.88356249999997,-60.9137620876934,-73.78356250000002,-75.30526534160975,-55.42356250000005,-37.22052457434543,-45.92356249999993,-66.63452092674395,-66.47356250000001,-45.55969872017086,-30.758562500000053,-28.51128467086616,-21.913562500000296,-11.807307311082724,-21.84356249999992,-55.731570599474814,-83.60356249999998,-84.79789863132065,-76.6135624999999,-82.80878216294474,-96.30856250000008,-96.35937325489654,-87.19356249999998,-91.6564288695709,-111.0935625000001,-119.77984665991156,-104.9035625,-87.0032762034113,-86.81856250000017,-93.0693026789439,-84.85856249999999,-70.47493932946182,-74.88356250000021,-95.33909278095629,-102.34856249999996,-87.86756505624471,-79.20856250000013,-92.9334636672836,-106.48356249999995,-96.17585125924593,-76.11856249999988,-71.87333234742064,-76.41356249999986,-64.89350282358728,-40.788562500000154,-33.22411991612549,-51.798562499999974,-75.03814241054468,-85.80356250000013,-90.49311200976356,-97.09356249999976,-99.02114732144334,-91.53856249999998,-84.91075506756893,-88.17856249999997,-93.14994782171243,-87.57856249999996,-75.9591988818031,-74.53856249999993,-88.20817133336342,-102.62356249999985,-102.12520779668705,-90.12356249999999,-85.53528124291306,-98.10356249999992
19,-72.14334375000001,-122.20519651896242,-93.15334375000012,0.43793150090276356,89.78165625000008,292.0078158893363,801.77165625,1545.435443760925,2207.7316562499996,2596.4971568595497,2694.06165625,2385.7495993738967,1567.32665625,615.7905758303783,272.37665625,762.9433641827025,1390.24165625,1352.2350345325565,703.9316562499998,139.15474363947305,33.536656249999965,138.55620020199495,128.78665624999996,8.707920094202862,-76.47334375000004,-90.19732274211117,-51.22334375000008,41.26640540255917,138.34665625,159.28558280506712,123.99165624999998,123.22586206482765,148.23665625000007,108.79303359952539,20.886656249999987,-0.5653168416801861,50.34165624999997,52.62694499261181,-19.65834375000003,-38.64558937262895,57.96665624999997,153.6459999029408,134.13165624999993,44.19528190795768,-13.693343750000025,-20.659112999668466,-7.183343749999992,21.30922256507523,52.516656249999954,43.55965524243095,-9.143343750000028,-46.000162798145084,-35.18334374999995,-17.419330755726875,-24.628343749999942,-29.030025552921387,-9.003343749999999,8.482069932956946,6.331656250000108,7.387185060576286,15.366656250000005,-2.4100783056506287,-44.25834375000004,-59.52473805569967,-34.12334375000002,-16.65167728980424,-29.768343749999985,-32.946878188615116,-7.683343750000034,-1.124878180995296,-42.02834374999999,-85.4794068166402,-87.08834374999982,-66.31577138972281,-51.24334374999967,-25.61005430780358,19.806656249999804,43.389097926462654,13.686656249999942,-35.951969783651904,-62.378343750000006,-74.21377419663264,-91.22834374999996,-91.25138008781754,-52.33834374999995,-8.705111321908333,-8.938343750000058,-45.70811966837455,-75.16834374999996,-82.7517978560694,-85.40334374999998,-87.76232262101935,-77.69334375000005,-54.5845603687645,-31.633343750000037,-19.35092258696652,-25.068343750000025,-52.11927827564381,-84.99334375,-97.4051141494857,-88.2083437500001,-83.59940859213089,-93.2233437500001,-96.87643109866468,-86.94334375000004,-84.42501862720648,-94.24334375000012,-87.15215748105909,-52.70834374999998,-29.13776786634041,-46.62834375000007,-76.91150321983889,-77.27334374999973,-54.46066760453577,-44.643343749999985,-54.285577528525835,-62.008343749999995,-61.20216181566156,-61.523343750000045,-61.37993164172869,-55.19834374999994,-56.54884121852845,-78.74334375000007,-101.92047505661887,-95.13834375000005,-65.65380465457966,-51.33334374999997,-65.6089075960255,-83.56334374999996,-85.2935646523079,-80.79834374999999,-83.36474703511212,-86.58834375000005,-81.7107635098569,-76.53834374999997,-81.34816369026967,-90.16834374999985,-90.62868302701614,-82.83834375000009,-75.61431334698838,-71.12834374999984,-66.05712363959664,-63.26834374999997,-68.57515192391713,-76.76834374999973,-75.33484156919741,-65.87834375,-67.11380044863638,-86.54834375000002,-102.67335785941474,-93.10834375000003,-71.78619129122654,-73.10334374999998,-98.8368924312012,-110.00334375000001,-83.84019452517703,-51.60334374999999,-56.100647928895306,-91.40334375000003,-115.0776263230699
20,-92.27081835437349,-54.948343750000056,-19.823152953509123,-34.463343749999964,-22.11537748597435,147.16165625000014,488.4216859378101,929.3316562500002,1449.7801099387946,1999.3216562500004,2299.7669623264674,2015.23665625,1245.023749942327,613.7316562499999,647.9755685985181,1176.3716562500001,1548.8704649472818,1376.5616562500002,853.3015111125308,392.09665624999997,179.74359000697507,139.59165625000003,138.12181048576548,103.95165625,34.46131672355138,-11.32334375000005,41.69227242044941,194.48665625,359.0694483352949,457.02665625000014,485.86280711147884,464.8216562500002,378.3628750901736,223.51665624999998,66.56498808356297,-12.868343749999937,-19.21687550706048,-26.818343750000068,-66.15077055960735,-73.41834374999999,19.668145980997323,172.73165625000001,255.4533249480055,189.14165624999998,41.15698869158523,-48.29334375000002,-18.2001189968678,68.62165625000004,123.38738736905118,122.30665624999993,87.00090318406602,29.91665625000003,-39.10107219930612,-87.17334374999997,-87.7479538322803,-59.58334374999999,-38.72069004842176,-27.57834375000003,-8.427437040158878,9.761656250000115,0.6255396908749873,-32.39834374999998,-58.52255195895656,-65.50834375,-68.02769355877894,-74.14334375000004,-76.66854129034505,-74.34834375,-70.95102634444893,-59.213343749999986,-36.57967582167048,-27.69834375000002,-54.89065771737829,-92.6933437500001,-91.46841116260511,-45.518343750000014,0.03755098998404094,11.131656250000049,-4.002707783094223,-27.448343750000035,-55.48466327183781,-80.93834375000007,-87.57235323261575,-74.71834375000012,-58.89569646039582,-43.058343750000006,-14.780292056972925,16.846656249999924,16.67072736235501,-28.26334374999996,-83.93643165603325,-110.19334374999997,-104.18115382633678,-88.52834374999992,-78.07056467580713,-74.94334374999998,-79.3040940120712,-87.99334374999998,-92.67222593550876,-89.64334375000008,-83.19301322465034,-76.01834374999999,-68.19709662274855,-65.78834375000007,-74.46212558200122,-84.05834374999993,-77.093670363249,-53.39334375,-28.6552740711753,-10.483343750000031,2.9851297223699618,3.7616562500000157,-19.088179193397252,-51.78334374999994,-64.80891104389576,-55.84334374999999,-54.66070233670713,-76.41334374999991,-99.84648740839495,-104.88334375000002,-102.34069819475013,-108.08334374999993,-114.00908910330487,-107.10334375000008,-96.41178234690588,-97.42834374999998,-105.16142545075812,-105.06334375000004,-98.71698656420372,-97.65334374999985,-100.65454129638755,-96.66334374999995,-84.62534358409435,-74.57334374999996,-73.15255064409766,-79.45334374999993,-89.05842345325007,-92.46834374999983,-77.97285771252822,-47.17834375000004,-20.405141707414316,-16.673343749999972,-34.953271069306055,-62.0983437499999,-88.79537075337396,-108.78834374999985,-114.1583026830078,-104.06334375000003,-90.35505355167179,-83.83834374999991,-81.88751952957072,-77.80334374999995,-73.39179943946522,-73.59834374999993,-77.81626598627952,-84.31834375000003,-92.95120687436811,-96.81334375000002,-85.61602711619106,-66.36334375
21,-89.58415624999996,-183.86741048009674,-118.38915625000001,0.48879795366786993,6.305843750000037,171.0955164547417,912.5458437500001,2054.6785744109848,2947.94584375,3310.763652125477,3343.27084375,3021.537989013573,2071.36084375,836.936702892707,330.49084375,935.3902473298328,1721.3408437500002,1621.8613895126896,772.9108437500001,84.27124536878014,-66.39415624999994,-23.824540748379377,-47.73415625000001,-39.31687747463184,29.13084375000011,30.76444595683219,26.885843749999793,203.07119554100336,466.43084375000007,529.6770401741987,378.4958437500001,260.3348686130811,236.04584375000007,136.6466345709033,-46.784156250000024,-120.93041850865694,-56.34415625000004,-33.54771985435838,-89.41415625000002,-54.70510753944093,110.0108437500001,228.48257099850133,210.75084375,157.37553239467866,121.13584374999994,41.5336908239868,-43.434156250000115,1.8785815089322568,143.57084375,175.0538197123621,42.580843749999985,-74.61878589138702,-70.9041562500001,-54.32992535681582,-105.07915625000007,-130.86082206375522,-60.74415625000012,21.953622685648895,38.57084374999985,30.47771576794827,32.79084374999988,-0.9557224588256474,-71.93415625,-91.32324008997097,-35.029156250000014,1.4518179727831466,-35.07415625000009,-77.96304494098408,-78.37915625000002,-81.25179054861928,-112.00915625000012,-122.5451212247837,-99.1591562500002,-94.16421787392818,-107.62415625000028,-69.90257832309229,16.73084374999999,53.300366503590965,4.800843749999984,-46.07957176895917,-49.76915625000014,-60.63460581156734,-106.55915624999992,-119.82179240192862,-61.34915625000001,1.9822771999062638,6.620843749999949,-22.923672566920857,-50.234156249999955,-86.79081058863363,-126.42415625000007,-119.11826249424193,-60.484156249999955,-16.545096920106843,-17.324156249999987,-17.729104790599834,-1.0541562500000339,-20.083215623462436,-88.9491562500001,-133.9871348239527,-108.96415624999995,-70.42814202070007,-79.89915625000012,-111.17899603561692,-113.89915625000002,-97.15784021408908,-89.99915625000007,-80.06142960143964,-49.4991562499999,-22.837638543708934,-28.669156249999972,-53.26048735030129,-70.39415624999982,-79.35603683445885,-83.77915624999996,-72.47674276482645,-48.55415624999995,-41.324124379726555,-66.30915625000003,-103.84345181306796,-129.89915624999995,-137.44241018622913,-124.43915625000025,-96.66394162215207,-81.07415625000016,-97.35742637815943,-121.27415625000005,-117.33197777398178,-96.71415624999995,-95.36556993957132,-108.85415625000012,-104.8840058676219,-88.40415624999991,-92.47435034236102,-111.90415625000007,-110.2737982546736,-89.70415624999968,-88.40025916716945,-108.09915624999994,-109.36375147460785,-84.3191562499999,-70.71432647007408,-84.81915625000008,-100.02341476807482,-102.10415624999976,-108.85977049657491,-124.18915624999997,-126.95257244406326,-116.41915624999999,-117.71589347345251,-132.91915625000001,-136.25094199617894,-124.3791562500001,-120.62667678082394,-124.01915624999991,-108.75513183261752,-81.96415625000006,-84.3425520757618,-119.94415625,-142.61184644731048
22,-68.05947277374257,-43.31862500000003,-43.394391399582155,-65.72862500000004,-53.4408121274573,59.481375000000014,298.5226825457853,645.4063749999999,1064.937003469682,1497.731375,1810.1800038263573,1810.0863750000005,1415.1488582920356,830.7613749999999,459.2003985661406,533.0513750000001,866.6169509680071,1049.5363750000001,870.0887651870415,474.9613750000001,139.2510037073471,-7.693625000000054,-11.526676061601549,31.29137500000003,49.606428879207556,13.611374999999967,-46.043916382921054,-56.48362500000009,12.070576292823475,99.27137499999992,126.71876010566672,89.67637500000001,42.76786862609538,23.46137499999996,28.316519657770968,40.73637499999998,42.302494617226984,14.401374999999945,-34.24909419863608,-54.80862499999998,-5.771846896879268,94.92637500000004,186.30332975882257,218.29637500000015,175.5574735108883,78.48637500000004,-13.371018588953092,-32.20362500000004,25.310516113171857,79.73637499999998,60.27455201041107,-9.068625000000011,-53.59960265158777,-51.64362500000007,-42.962417169418096,-50.61862500000002,-52.84269432805873,-33.118625,-6.921176949460687,10.74137499999992,22.975057881168766,26.381374999999963,6.0178516234199435,-32.988625000000106,-60.85157084386955,-62.97362500000004,-57.61136387220312,-62.97362500000005,-72.13757643786171,-72.52862500000006,-67.78860653600171,-67.08362500000007,-69.35137343077399,-68.18362500000006,-59.08543298174235,-37.183625000000205,-2.6411344932094067,28.421374999999884,34.41582339410485,13.196375000000003,-17.652095445489948,-44.72362500000011,-64.84173893949142,-68.07362499999999,-39.06693719772556,16.361374999999967,65.05028223118111,77.716375,54.633296268623326,15.471375000000052,-21.88399228264076,-46.28862500000002,-51.81628992950697,-41.53862500000004,-26.22014760068022,-15.208624999999998,-13.959058290397039,-27.053624999999997,-51.442793366640096,-69.68362500000009,-66.55742376419126,-52.558625000000035,-52.593138239413875,-68.46362500000002,-72.6591667676411,-47.44862500000004,-11.369793721867467,6.101375000000019,1.4066206003422792,-7.6386250000000615,-13.355011517756253,-26.26862500000003,-52.45478308052108,-78.228625,-83.8788805696657,-66.08862500000004,-41.12537989777782,-27.878625000000028,-31.652081695150187,-44.268625000000036,-55.54541115782627,-61.18362499999997,-61.88405811825369,-60.14862500000007,-58.26858613227615,-55.51362500000002,-48.31184515472236,-37.95862500000007,-34.88255021712465,-46.36362499999989,-62.370623134531684,-65.80362500000004,-56.379695258960375,-49.69362500000001,-51.298011620239016,-49.98362500000001,-42.20179304196495,-42.56362499999998,-58.479063256027594,-73.51362499999989,-71.97218976713046,-63.65362499999991,-65.72956268488178,-74.17862500000001,-73.89759223955437,-65.74862500000003,-61.55461491972025,-61.063625000000016,-56.525182090520495,-53.253625000000035,-61.84962719609253,-74.16362500000004,-71.35358771931195,-54.958625,-46.550448377439835,-55.128624999999985,-67.1923299723801,-72.12862500000007,-75.51575474707658,-81.75362500000006
23,-87.65865625000005,-101.9422006633526,-78.11365624999999,-45.456269180828286,0.5613437500000202,187.06513549675964,641.21134375,1301.7207424173996,1958.0863437499995,2431.9481514655,2590.81634375,2275.6960657476743,1485.19134375,650.8264949223993,406.91634374999995,890.7919494212557,1479.9463437499996,1457.6410060191554,811.9763437499998,148.09345010563464,-84.38365624999999,3.599190979623316,78.78134374999998,26.685213025517086,-49.223656249999976,-55.91386924880692,18.41634374999994,155.65857486843447,301.3413437499999,360.47442775021506,290.84634375,166.30661131336302,87.05134375000004,64.50344790587711,45.11134375000002,5.749349182456953,-31.963656250000057,-52.822817365226285,-57.33365625000008,-33.12281298215284,36.26634374999993,132.25637838608753,198.6613437500003,186.04674421788758,96.6113437500001,-7.9979208673416196,-49.548656250000036,-5.489112354764842,62.85634374999991,76.47603607246019,26.856343749999937,-30.370165572959024,-57.89865625000003,-66.82832619090289,-65.32865625000008,-33.36080519737227,30.721343749999946,83.99712474257286,88.80134374999993,57.4233958149221,23.18634374999992,-3.204958119427232,-24.498656250000067,-33.612669740464014,-28.593656250000024,-29.006889294959493,-49.44865624999996,-72.99476477548203,-75.60865625000005,-62.64431768683251,-57.71865624999998,-67.07441968697454,-76.93365625000021,-77.02038961287288,-66.72865624999987,-45.611848663076216,-17.163656249999917,2.1577727415025123,-5.153656249999997,-36.857526418567176,-73.0286562499999,-97.38332732340997,-107.75365624999996,-107.12402458260014,-93.17865624999995,-60.60632807323682,-13.413656249999988,27.449872541956395,36.631343750000056,10.615998400813325,-25.62865625000005,-46.860558034693085,-53.88865624999996,-60.292855265301704,-65.17365624999992,-59.74934232283472,-52.83365625000003,-63.35717626774459,-88.19365624999999,-103.00645042449432,-98.07865625000002,-88.55958639310528,-84.20365624999995,-74.80693374977616,-54.938656249999966,-38.255750261311746,-33.59365624999998,-28.451230919496368,-12.668656249999813,-0.8744299299315088,-13.003656249999963,-44.069131566641744,-69.5886562499998,-73.7875218893383,-60.71365624999993,-44.444743959277005,-37.748656249999954,-44.210637303605296,-55.22865624999997,-60.820487867164424,-64.28865624999996,-75.03538787118481,-87.65865624999992,-86.24834204457983,-72.40365624999997,-67.40315287701299,-78.60365625000003,-86.27832130798213,-76.76365624999985,-66.74049492014792,-76.44865625,-97.30466184656996,-107.25365624999998,-103.82971112656726,-100.06865625,-99.23924499079317,-96.15865624999988,-94.45743944302815,-99.6136562500001,-101.7884842701925,-88.84365624999987,-71.19327646026214,-69.44365625000003,-80.55625986621546,-82.46365624999999,-72.44091928381579,-72.42865625000002,-89.82980898753102,-101.19365624999989,-88.73706876062747,-69.28865625000002,-67.9642327223813,-81.03865624999995,-86.8226120728859,-81.58865625000004,-81.31280099264649,-92.34865624999998,-102.20912609274808,-101.19365625000006,-95.79655213211464
24,-85.6188124999999,-121.51294731735217,-94.95881250000002,-20.570168623936866,72.01618750000004,302.9553044635085,824.2961875000001,1554.927457092904,2222.3011874999993,2640.1805829331356,2740.0311874999998,2400.8470142995598,1590.7611875000002,715.8673570709592,430.3611875000001,881.6470671874835,1429.0961875,1371.8351409743361,748.2061875000002,152.9070341661789,-50.78381249999995,-13.03227627105474,5.251187500000071,-33.42749101173062,-50.11881250000002,-30.244736117535567,-0.648812500000048,28.909899630478535,39.86618750000004,14.18463300336758,-15.34881250000005,-8.922854424692119,2.1111875000001703,-26.749734381520824,-51.13381249999999,-5.199298839357553,62.72618750000005,50.31180904512492,-22.17381250000004,-30.255884865640496,58.90118750000009,137.4082391198184,120.3161875,45.29251825131426,-13.65881249999994,-32.21630301339934,-12.013812500000057,39.88019010509417,83.23618749999993,70.86885693282052,18.596187500000084,-15.941958445894088,-23.658812499999925,-40.76603500903518,-62.38381249999994,-44.95944551083835,3.5461875000001015,23.545276020352148,3.2911875000000776,-6.013852069587429,12.456187500000013,12.645498810448558,-25.418812500000058,-57.166257288991275,-50.4338124999999,-31.68914280605911,-29.55881250000003,-34.85733625935664,-40.483812500000056,-61.76017637409512,-93.75881249999999,-103.10935324871497,-83.09881250000012,-65.45185073301182,-60.99881250000032,-42.36702656573061,-2.948812500000045,21.101184464770753,8.326187499999975,-18.331573768278645,-38.36881249999993,-61.34586106151883,-87.90381249999994,-91.15404199257918,-60.318812499999964,-21.84867386177345,2.3711875000000475,18.00117251620877,23.801187500000125,-0.9343761530757888,-52.353812500000046,-86.43877705493759,-73.64881250000002,-37.22610946357112,-15.653812500000043,-17.361178367121894,-31.7938125000001,-54.01861968279857,-75.76881250000012,-78.31357807523446,-56.96881250000002,-33.58789674154306,-27.738812500000037,-32.981222446370424,-34.41881249999997,-31.21145690276653,-29.203812499999927,-28.006123619266845,-27.263812500000014,-32.66745294190861,-46.903812500000015,-64.35363490129666,-77.98381249999987,-82.2294333905314,-71.65881249999991,-49.30613514129824,-32.00881249999988,-33.532260116244984,-47.74381250000002,-61.583183950765665,-74.83881249999985,-91.07073971145186,-101.31881250000006,-96.9365483730138,-87.08881250000002,-82.79668362077814,-76.89881250000002,-62.772251929376374,-57.35881249999999,-76.95537571724114,-103.29381250000004,-105.69872291267461,-87.70381250000007,-79.21214311019034,-89.2188125000001,-99.16123785941181,-98.59881249999987,-94.31371038262304,-85.90381250000007,-65.43346793948594,-43.18881250000004,-43.00926348542714,-67.01381250000003,-90.71680373424304,-97.27881249999997,-93.83331340557822,-91.61881249999999,-91.90816042948009,-93.79381249999997,-96.5327897704095,-94.10381249999999,-84.82282188597905,-81.89881249999998,-95.05094010912049,-108.6888125000001,-101.51153842486339,-81.15381250000004,-73.2915400816588,-81.2038125,-84.44510564891533
25,-96.37269841007321,-59.99103124999998,-37.5345556448064,-62.70103124999998,-5.610171749970704,291.78896875,792.7460730453674,1344.7689687500003,1912.3022277557488,2488.20896875,2803.2684742536044,2466.92396875,1541.1939960191828,695.7139687500002,544.6008365441334,975.6639687500001,1353.8905853241056,1268.77396875,845.6051569783717,405.50396874999996,105.71698300882481,-50.761031250000045,-87.4895980326646,-52.52603124999999,-21.62847299982944,-17.391031249999926,6.006542778719819,63.003968750000084,101.06889632246028,91.39396875000001,70.52237403025892,60.41896875000002,30.544373499027117,-22.12103125,-36.372974041080184,16.653968749999947,65.85647922933533,31.80396875000001,-55.79585242299308,-91.62603124999997,-25.952168912004907,82.21896875000012,134.62311557327035,88.72396875,-9.172282074331804,-68.32603125000003,-37.59274749015444,47.47396875000011,107.75336228907004,103.61896874999998,56.832297934673974,2.088968750000106,-47.18446990441629,-82.78103125,-88.10142335613209,-56.98603125000006,-6.88259268681378,36.23396874999999,53.92966173946452,39.018968750000155,1.6077390597405525,-31.521031250000007,-41.68235254077808,-37.39603125000008,-33.54670632129131,-26.75603125000002,-14.455712286596324,-18.381031250000035,-53.9446864287285,-91.71603125000001,-91.32016685019073,-64.03103125000021,-55.436914285500116,-69.6910312499998,-62.24540779626952,-14.996031250000314,31.559198999334214,38.46896875000003,16.733650055503162,-7.001031250000082,-33.87250555363053,-71.84103124999996,-100.96194060778782,-94.46103125000012,-60.27141373672334,-33.486031250000025,-33.77970386486521,-50.1860312500002,-63.81053209054598,-69.6910312500001,-75.51342857511543,-86.37103125000009,-93.16015934638767,-80.01103125000003,-48.6321269844417,-27.16603125000006,-40.454133926678324,-76.36103125,-99.13686922299877,-93.7510312500001,-77.6312530491854,-68.71603125,-63.481321484208394,-51.96103125000001,-35.96430011179797,-23.891031250000026,-19.86544043314713,-23.916031250000046,-33.734562363819734,-44.33603125000006,-54.19039162094254,-68.78103125000001,-87.83275375995039,-95.95603124999997,-81.71469570391336,-59.731031250000015,-54.413907164750476,-65.78603124999998,-72.79623361921318,-68.26103125000003,-66.6611190586727,-75.47103125000021,-82.73573821219628,-79.35103125000002,-72.82674422669925,-71.39103125000003,-72.72088837696701,-75.67103125000011,-85.52529520671777,-99.52103124999994,-103.80076776165738,-94.01103125000002,-84.21532689022382,-85.74103124999995,-90.26983404211482,-83.98103124999999,-67.36594473479575,-50.7910312499999,-39.30884877750388,-32.211031249999664,-31.91275901651828,-43.606031250000086,-66.8334846003605,-91.98103124999996,-106.09926753489104,-103.9310312499999,-94.88023091276351,-94.3060312500001,-103.8896065150599,-107.96103125000005,-96.20510622204817,-80.30103125000011,-76.26832741456374,-79.78103125000008,-75.54185464786335,-64.3910312500001,-61.37279267623509,-69.46103125000009,-75.70510556091864,-74.8360312500001
26,-116.16073988272726,-97.68253125000004,-79.63500020647732,-83.67253125000006,-25.484033900513964,224.69246875000005,684.5583000991796,1262.6474687500001,1892.1245494597197,2495.75246875,2810.228112599218,2498.8774687499995,1608.821473385563,740.1524687500001,510.5912195682965,896.4474687500002,1303.762767086373,1264.15246875,852.6861223627536,418.13246875,149.1636145327945,18.597468750000033,-31.562512809043568,-27.59253125000002,-11.521081415474498,-13.957531249999874,-6.668940682258992,37.372468749999925,80.79247304918393,90.63246875000009,111.55082372904401,180.82246874999998,223.6070909900468,143.94246875000016,-8.633757429150265,-83.35753124999997,-39.55639562885331,4.712468749999957,-35.1802781850668,-81.72253125000002,-26.051792111111325,94.59246875000004,142.20181910314437,65.62746875000018,-42.001944200231435,-70.71253124999994,-12.224340752205705,62.177468750000045,91.39610368393444,66.35246874999986,13.633210951607921,-32.46253124999991,-51.028854247569726,-46.267531249999976,-37.04616037340169,-31.252531250000004,-19.88926142089869,0.562468750000022,15.753708227452037,12.892468749999878,-1.81767466999014,-17.622531249999994,-37.139748487290646,-63.477531250000034,-82.7921907638956,-82.15253125000007,-75.55897490282251,-85.43753124999998,-103.1289257661595,-99.33253125000003,-75.51188179632943,-68.86253125000019,-93.4760015721504,-111.45753125000005,-85.76968966397358,-33.41753124999974,2.264093032643615,9.187468749999937,4.415393712975657,-6.497531249999895,-30.30319536483509,-55.677531249999895,-59.32687648386596,-40.87253125000001,-20.318598087766475,-3.7375312499999325,15.624568102920463,24.71746875000001,-1.7337746040674062,-54.90753124999987,-90.58532689447931,-85.86753125000006,-63.19762587988484,-45.642531250000005,-26.092295270314978,-1.3475312500000172,1.0275615565861358,-37.34253125000002,-86.01669022736931,-101.83253124999997,-86.50990269831844,-73.73753125000002,-73.06291721439518,-64.21253125000004,-41.57160793584411,-27.25253124999999,-35.11504667752415,-50.432531250000174,-53.46009600961831,-43.177531250000015,-32.03663301146946,-32.33253124999993,-48.412007831450836,-67.79753125000003,-64.90778101659203,-33.02753124999995,-6.236091788662222,-23.397531250000085,-73.1060442055266,-104.87253125,-97.0291777081898,-79.2675312500001,-78.67399513974595,-80.53253124999983,-63.70293526895178,-42.62253125000008,-43.9556402097071,-63.57253124999997,-78.14535464776091,-83.83753124999987,-91.7594894454783,-96.25253124999992,-81.37190120010779,-54.87253125000006,-44.164998454251005,-57.37253125,-75.65931536422019,-85.36753125000011,-90.37900436837,-90.1175312499999,-74.9458413634802,-51.42253124999992,-44.12548108694588,-60.142531249999884,-76.47124834380969,-76.21253124999998,-73.08888358094894,-83.19253124999996,-95.53085405291922,-92.89753125000001,-83.85607752859063,-88.56253124999999,-104.21514427277397,-109.76253125000001,-99.44364744550586,-88.87753124999999,-88.85403910071282,-92.18253125,-88.78319402259548,-80.07253124999995
27,-96.12515738830548,-85.81581250000006,-46.36276351731162,-12.565812500000092,91.00274309453543,369.22418749999997,777.1781788124185,1181.6641875,1561.829184198734,1929.4341875000002,2069.048578195882,1676.5041875,876.9399569783435,303.62418750000006,414.8068719195189,924.4691875,1173.688115587843,927.2941874999999,514.026661971703,266.0741874999999,159.63310435461239,46.76418750000009,-60.56592817032693,-78.73081249999996,-31.784094918813977,4.594187499999904,25.983540489232524,56.33918750000008,71.91020405918432,59.34418750000005,69.36207837472476,125.37418750000008,150.1030358146856,74.45918750000006,-36.911015480787185,-64.75581249999999,-5.425111642276576,33.09918750000003,-3.619893888141874,-43.2308125,-0.40504875910828275,98.76418750000018,148.1044136082558,92.59418749999996,-9.148861211702737,-56.87081250000001,-20.320131300936225,40.17918749999994,56.73261718377104,26.694187500000027,-9.869913525592807,-33.97581249999993,-55.98711685862104,-77.2758125,-82.4124508735051,-67.5408125000001,-45.962087833938604,-25.61581250000002,-6.3746834814363496,3.4341875000000215,-5.978337898244305,-24.71081249999999,-33.525347214130576,-32.395812499999984,-36.35177924872292,-48.83081250000001,-61.78448930334538,-73.67581250000003,-83.82962986016675,-80.81581249999995,-62.79097611246127,-54.46081249999999,-72.16718429817197,-87.58081250000002,-63.97118300474756,-15.755812500000019,10.477453575066065,4.784187500000044,-3.019671766302551,-4.130812499999976,-22.816476282650186,-62.11581250000004,-87.20381783655199,-77.28581249999999,-52.11171460760798,-32.1508125,-12.43271251098956,7.314187500000102,6.058035090483401,-22.430812500000002,-50.04530052975984,-54.24081249999997,-48.98422301064418,-53.800812499999985,-59.97349441644917,-53.09581249999996,-45.03215516132439,-54.32081250000002,-71.22679141126267,-70.49081249999999,-49.67935927809542,-31.20081249999999,-31.314375772821613,-45.6158125,-61.13778552133667,-67.5408125000001,-59.622945272314055,-41.69581249999983,-27.81586987846766,-28.565812499999964,-39.46165142346855,-48.165812499999944,-49.279020531227495,-46.87581249999999,-46.55395634104015,-49.47081249999996,-51.35506127031258,-46.060812499999976,-34.0795321310641,-26.31081249999994,-32.70546626972662,-48.805812499999924,-61.938475823577704,-68.44081250000008,-73.81387845135227,-77.8858125,-74.31055008680235,-65.85581249999996,-64.22641383770063,-69.75081249999995,-66.93012163404639,-49.05081250000008,-33.07486516437584,-36.77081249999997,-51.08280845680852,-51.74081249999993,-34.565992283593715,-22.035812499999807,-31.25776949227764,-49.995812499999865,-54.50828841517041,-42.355812499999935,-33.78978304974914,-42.42581249999981,-58.68263390712918,-66.65581250000001,-65.14105111763264,-63.28081249999997,-64.89189571008987,-67.88581250000001,-71.56677476285249,-72.63081249999993,-61.768689340846436,-39.20081249999994,-26.323919273546835,-42.42581249999994,-73.54493979043431,-86.47081250000004,-73.7845920210062,-61.6508125
28,-111.93635605245532,-79.58731250000007,-41.350798539332075,-44.60731250000008,44.79753482411979,399.3326874999999,960.2966780374903,1530.2426875,2064.1111343420025,2565.4426874999995,2738.8454892208792,2188.5426875,1105.5871781695973,335.3526875,454.79374096213064,1067.8576875000003,1343.7206837597255,1025.3376875000004,534.2502265009467,245.93268750000007,111.29977550506379,-14.247312500000035,-85.5406015511901,-40.28231249999992,32.22111609346513,45.55268749999988,48.7022305659074,89.68268750000004,108.2804823617588,66.05268749999996,37.56452483330628,70.64268750000002,84.68915577671834,13.202687499999925,-64.681382868177,-48.357312500000035,16.820040916785373,15.742687499999931,-48.43133132874506,-58.83231249999992,39.16951603037421,159.1076874999999,181.73901947272574,87.96268749999996,-30.598008781763895,-68.54731250000003,-6.916731840662379,77.35268749999994,101.29636428258388,61.05268749999988,10.238081085876743,-21.8773125000001,-48.009248472705124,-71.69731250000002,-70.82806172287604,-36.88731249999999,10.246917021384746,50.147687500000075,70.5023568777537,54.85768749999991,2.767505368718062,-44.722312500000044,-45.14643017622595,-16.377312500000016,-13.431510196360009,-48.42731250000012,-81.62052096223093,-88.98231250000018,-87.46405038322911,-90.67731250000007,-88.98409174167631,-79.90731249999997,-73.55647775947088,-62.24731249999985,-27.012451392532384,21.092687499999982,46.245471557436474,37.022687500000046,12.917624634682994,-14.947312500000095,-48.224823986061814,-71.0473125000001,-61.152017599284285,-30.627312499999945,-12.590193457503318,-10.797312500000004,-6.567008152167347,-7.742312499999926,-38.32781757921826,-83.2473125,-99.34123431204634,-82.79731250000009,-70.75463270187187,-74.06731250000004,-66.8444425844911,-48.16731250000009,-52.10500260425754,-82.66731250000001,-98.21822479400363,-79.68231250000008,-59.726797665557626,-63.76731250000003,-73.6474920773189,-70.80231249999997,-65.37377268065185,-61.32231250000016,-42.64692596055231,-16.46731249999995,-18.92240010506208,-53.152312499999994,-72.29736893513095,-52.742312500000004,-33.6253767425855,-50.017312499999946,-75.91834426798482,-73.83231249999987,-57.48143427723073,-60.33731249999991,-76.98858999666734,-81.3023124999999,-75.51464093301834,-78.25731250000001,-85.35922695814264,-81.4523125,-72.46042004544549,-72.63731249999996,-76.93871664136732,-76.0173125000001,-78.6406295462487,-90.65731250000003,-94.63058810346605,-80.48731250000009,-71.42674338176874,-85.57231249999992,-97.21599432093858,-75.4973125,-39.473063110467905,-31.002312499999874,-49.63519053479001,-60.52731249999993,-55.98591817782168,-61.21231249999997,-82.14338987547177,-94.05731249999997,-86.35181717581165,-77.76231249999995,-79.92140522098444,-82.45231250000003,-81.93599738650941,-89.95231249999995,-102.29115105333396,-95.34231249999996,-67.55830671556602,-52.00731250000006,-69.06923208934563,-94.64731250000003,-96.1404468069248,-75.9223125,-56.96113621206969,-46.7173125000001
29,-231.20590263290407,-123.623,26.59678471183139,-37.17300000000006,5.740492636431213,698.247,1866.2493598262051,2765.052,3164.6859596225368,3464.937,3624.065501659797,2965.5170000000003,1481.5873882878684,391.63200000000006,657.533471363496,1607.7419999999997,1860.1481094816425,1145.537,359.1437766480227,109.29700000000003,124.42777717557075,39.24699999999993,-63.639343286793405,-46.283000000000044,-19.476735178568504,-49.89800000000011,-12.226519905880053,112.76699999999991,159.81897643420908,100.88699999999997,103.67782365662575,190.29700000000005,172.3680062316279,9.266999999999967,-91.08311428055285,-26.68800000000016,39.52550205067311,-17.272999999999996,-87.85304949523163,-50.63300000000001,38.22692456948229,82.98700000000008,84.24187339241598,55.5769999999998,-17.011787095720692,-72.26800000000007,-7.833753603519824,131.412,173.23321662826,69.76199999999989,-43.18551369423561,-73.89799999999998,-80.91147529761574,-108.82300000000008,-100.63102350195362,-34.57800000000003,13.772730524469694,7.10199999999989,1.3220152415468363,18.382000000000204,4.063237603064749,-46.49800000000006,-60.55481388537967,-25.73299999999992,-22.167557273276373,-77.78800000000024,-119.95316282974949,-107.43300000000008,-87.35886592985186,-89.41300000000007,-83.43121943217952,-68.33800000000002,-83.52835514151691,-109.54800000000023,-78.11697768152973,-1.2330000000000894,30.72162593856737,-3.0680000000000973,-31.284841445287213,-30.592999999999947,-56.893832512881644,-114.32800000000013,-126.60964162686443,-73.26300000000003,-30.601462443767304,-41.283000000000044,-59.68824631213111,-59.17799999999998,-76.49249157904423,-114.89300000000014,-117.78531320124763,-75.69300000000023,-50.809013447626086,-62.483000000000004,-58.41157196015379,-30.977999999999852,-45.61744715361303,-113.53300000000019,-151.97289202851744,-120.15800000000006,-85.39220320462785,-100.37300000000008,-119.05543576110759,-93.71799999999988,-58.48935499551504,-52.18300000000009,-45.55910645726671,-11.513000000000062,9.808840072393878,-18.38300000000001,-61.022620073859585,-74.11799999999988,-74.90360020242524,-92.113,-104.41811313261712,-86.32799999999992,-64.76976255145125,-74.013,-96.94638938238941,-101.65299999999996,-97.6072815066163,-108.24800000000009,-122.20661464276327,-116.73300000000015,-101.5177131779616,-99.63299999999995,-108.35338146718541,-112.26300000000006,-113.95637926079444,-122.44799999999995,-129.10295131730703,-119.95300000000012,-98.79826551359088,-81.30299999999995,-77.24275535757535,-85.96799999999968,-96.2072892300325,-90.2629999999997,-65.64374672674097,-47.57799999999983,-58.27753142679187,-82.36300000000006,-90.06375504731267,-84.57799999999988,-92.75557420750161,-116.49799999999973,-130.96740372025306,-127.86299999999993,-123.18695311419741,-122.66300000000005,-115.7205227408605,-104.90300000000009,-106.36261211620467,-118.60300000000004,-122.95022005813962,-116.88799999999999,-115.88606785096599,-121.07800000000006,-116.43028331202493,-100.51799999999999
30,-78.23057299317992,-84.46481249999998,-79.10984509243534,-52.03481249999999,11.726411393204899,158.4951875,437.9494200461212,842.2501874999999,1300.8298064296105,1721.0101874999998,1986.8529436353572,1949.3551874999998,1536.8738143515218,926.3601875000002,502.02349117386143,523.0401875,845.8686424624656,1060.9151874999998,907.5456835745027,492.50018750000004,110.09980230859534,-62.34981249999998,-61.874011629215076,-17.059812499999992,-5.322286013361136,-15.96981249999996,-0.9304376716987406,57.07518750000003,122.83045443291999,153.0001875,145.98078662216219,124.49018750000005,85.64621313744004,14.285187500000163,-57.711480505296265,-66.15481250000003,-9.326108883434387,29.430187499999917,-7.3618048846238935,-65.5048125,-55.23129846542688,22.37518750000011,84.43391867643672,81.56518750000015,43.03517310501326,13.345187499999952,3.47777323424107,11.445187499999975,36.57443930851977,56.27518749999996,34.13494320659542,-26.77981249999999,-75.14527309221003,-76.65981250000009,-54.000863033771765,-39.92981250000004,-26.561370638946798,7.180187499999889,46.698710366133696,58.48018749999997,38.74162253392683,10.270187499999935,-16.969480515124587,-47.33481250000003,-70.32081534686195,-67.27481250000001,-47.18467362983389,-40.98481250000004,-54.536589879418685,-59.38481250000005,-40.631261934475596,-23.389812500000104,-33.76039682843181,-57.98481250000003,-63.09643770510891,-41.89481250000014,-14.563713456667173,3.2801874999999967,10.455639812812024,3.9801875000000138,-21.91954293792041,-56.80981249999986,-73.80296667015645,-57.97981250000002,-24.31824994803972,0.3051874999999882,5.009127367238619,-2.2698125000000573,-13.007458444725742,-28.654812499999984,-52.01178562331482,-74.69981250000008,-79.66755302498672,-59.22981250000002,-28.81768394340233,-16.329812500000045,-33.50235090615421,-61.829812499999996,-72.8111867068056,-59.599812500000056,-41.493761297910766,-38.31481250000003,-49.08560887844442,-58.0848125,-53.92083427905283,-37.74481249999991,-18.258635931733053,-4.88981249999992,-3.68249508496271,-14.53481250000003,-31.514164300991048,-46.994812499999995,-54.87251441854658,-50.86981249999994,-34.779760388583284,-15.15981250000003,-7.5002837236737605,-21.869812500000066,-51.72569856655838,-77.89981250000004,-85.32881035468529,-75.8048125,-64.02922866776217,-61.079812499999974,-62.982889149943134,-58.184812500000106,-45.69905343795247,-39.43981250000005,-50.24521314875159,-69.47981250000004,-78.79597130853665,-73.29481249999999,-65.36884641871049,-66.01981250000006,-72.70439647199184,-77.85981250000006,-79.35501550545126,-77.69981249999998,-71.43617839517418,-61.77981249999989,-55.775834913147484,-58.389812500000055,-65.38261356529391,-68.95981250000003,-66.98703491134367,-62.80481250000001,-59.81501909160859,-59.99481250000004,-64.26302365548193,-70.8848125,-75.83284468608267,-76.17981250000001,-71.17339038748587,-62.04981250000003,-55.10226076618546,-59.89981250000002,-75.27732940647165,-82.46981249999999,-66.75954918737511,-42.96981250000002
31,-103.29426565290734,-91.24862500000006,-58.34973502568423,-44.098624999999984,33.336460878319954,289.96637499999997,689.6455874867913,1100.2263750000002,1494.311059175201,1887.756375,2092.1272661499884,1812.5013749999998,1108.3033373651058,511.15137499999986,475.1069911900849,852.876375,1116.8295911594787,988.1513750000001,632.7415830460259,314.6263749999999,112.8649331371845,-2.2886250000000103,-38.58974153038383,-17.703624999999946,-3.2921496928597094,-11.768625,14.38062933936169,93.75137499999988,155.1824762389995,145.78137499999997,104.02629286876771,76.09137500000011,41.486153023959645,-19.57862500000006,-58.25287296098748,-28.25362500000007,25.93894100870763,24.826374999999956,-29.933510680185435,-58.36362500000004,-11.16747391054578,71.43637500000006,110.01338278967367,67.45137500000004,-18.479159988097948,-70.318625,-45.047043357303686,22.641374999999982,62.92604778552686,50.476375000000104,16.113784461499534,-12.673624999999959,-40.07164458304736,-65.308625,-63.84905756665475,-26.018625000000043,20.06100288744787,44.906375,49.16318498104229,43.27137499999995,25.986717611475854,0.7813749999999544,-14.821037423549953,-15.193624999999997,-17.978974041479276,-34.44862500000007,-51.8847414139425,-57.43862500000002,-55.07810677132947,-49.51862500000004,-40.240963959932614,-38.65862500000014,-59.448343727953834,-86.18362499999975,-80.67513563109718,-38.023625000000045,2.8380152953116635,14.09637499999998,6.009581201462382,-10.753625000000127,-42.81170353308933,-77.65362499999999,-80.43509693545727,-51.71862499999998,-37.4038675679545,-51.88862500000007,-46.925192649474205,2.901375000000087,40.6158243474583,8.676374999999936,-57.180326852490374,-80.96862499999997,-56.923152464171224,-37.77862500000004,-40.32689788381575,-37.14862499999991,-27.409284874278583,-40.19362500000004,-68.47268360373062,-69.52362500000004,-38.264256301889844,-17.62862500000007,-26.071451586169843,-33.93362499999999,-24.31566962529952,-19.203625000000002,-27.91855021683108,-25.87862500000007,-6.815193779426508,-2.8336250000000263,-26.11025655915803,-41.258625000000094,-26.8630630635367,-16.73362499999992,-42.50671899588065,-77.25362500000004,-78.6581905301949,-54.12362499999997,-38.861095955799165,-37.158624999999994,-31.141609785834824,-26.518624999999915,-42.28083507263503,-67.24362500000005,-71.28680998858016,-54.178624999999975,-43.80353986024281,-49.263625000000076,-53.295155556309965,-50.69362500000002,-57.225791133315404,-75.38362500000004,-84.67195439966481,-75.25362499999997,-63.59258594501159,-64.41862499999999,-70.57231709951937,-70.79862499999983,-66.95501590291117,-63.52362499999994,-58.383647656790025,-53.863624999999935,-60.15416377691188,-77.35862499999996,-88.8154309050704,-82.54362500000005,-66.82318082606284,-55.74362499999999,-52.15447301006512,-53.948625000000064,-63.39236633188167,-78.04362499999996,-84.2553566097956,-74.29862500000002,-61.822604409623,-65.32862499999999,-81.28609925972944,-88.76362500000002,-79.19759735139287,-66.90862500000001
