,0,1,2,3,4,5,6,7,8,9,10,11,12,13,14,15,16,17,18,19,20,21,22,23,24,25,26,27,28,29,30,31,32,33,34,35,36,37,38,39,40,41,42,43,44,45,46,47,48,49,50,51,52,53,54,55,56,57,58,59,60,61,62,63,64,65,66,67,68,69,70,71,72,73,74,75,76,77,78,79,80,81,82,83,84,85,86,87,88,89,90,91,92,93,94,95,96,97,98,99,100,101,102,103,104,105,106,107,108,109,110,111,112,113,114,115,116,117,118,119,120,121,122,123,124,125,126,127,128,129,130,131,132,133,134,135,136,137,138,139,140,141,142,143,144,145,146,147,148,149,150,151,152,153,154,155,156,157,158,159
0,-55.534796399692134,-49.81690624999988,-71.09999864039652,-82.57190625000007,15.669707207171655,297.3430937500001,740.7257201204042,1280.4530937499999,1867.844586393575,2397.0130937500003,2627.4309944582105,2343.2880937500004,1641.340837793099,937.0830937500002,588.1238080029859,573.3580937499999,614.3505127771352,531.1230937500001,366.20425158406397,216.7980937499999,102.20666616912159,18.92309375000002,-1.3590117937238233,44.26309375000004,83.15722446336899,50.033093750000106,-27.322644698895488,-76.91190625000006,-80.77270943625321,-73.33190625000009,-69.5995585411894,-51.63190625000004,-18.243830678167114,1.8730937500000095,-5.951341246546676,-20.63190625000007,-19.193482433424293,-8.406906249999977,-10.567776111474473,-33.266906250000076,-63.53724571516369,-82.3969062500001,-78.64155247668592,-56.29690625000022,-33.6841995814662,-28.536906250000044,-40.14965488540631,-52.20190625,-54.93829297107415,-55.081906249999996,-59.29480227033363,-59.60690625000006,-46.82080202348992,-30.436906250000035,-29.175741726074406,-43.11690625000003,-51.41212726308778,-40.616906249999985,-19.651000399456663,-0.9819062499999944,15.614072306261747,28.913093749999987,22.760380276035562,-13.536906249999944,-60.68365660670604,-86.48190624999992,-84.37359232174158,-76.22690625000017,-78.45010762597029,-84.72190624999999,-83.71813948413065,-74.8119062500001,-61.0090931007949,-42.63690624999984,-24.8897332065103,-18.51190625000001,-26.085826154032674,-37.321906249999856,-42.2347119528044,-40.52190624999993,-36.95719499444811,-37.336906249999956,-47.96710489278308,-67.3169062499999,-80.42020441033932,-75.86690625,-65.28158351290097,-68.06190625000005,-79.39198413819803,-75.92690625000014,-54.1655089096907,-37.61690624999996,-39.52327834657176,-44.13690624999991,-36.2551337109348,-25.251906250000047,-24.363137109289482,-27.246906249999995,-23.49957324196191,-19.981906250000108,-26.536822055811285,-34.04690624999995,-28.137835730047698,-16.45690624999996,-21.779803350402375,-50.30690624999997,-82.31638364825149,-94.32190624999984,-80.84789460695507,-56.09190624999998,-41.33594910246098,-47.93190624999995,-67.52434054990425,-82.22190625,-85.13347466801177,-82.63190624999994,-76.4826694216059,-59.011906250000024,-32.3271455417713,-16.871906250000038,-28.375006738972786,-55.77190625000008,-73.74857919824443,-71.11690624999999,-57.71325533852172,-49.06690624999999,-52.84273522142667,-66.27190624999997,-79.76585805536885,-84.72190625000006,-80.60578415859494,-72.52190625000003,-64.0439962635817,-58.13690624999995,-60.68400925502603,-72.72690624999987,-82.67578162684238,-78.7419062499998,-66.33671071531329,-59.73190624999972,-60.45122264429618,-60.011906249999946,-59.17728265693124,-63.8319062499999,-65.20090886458313,-49.27690624999998,-26.33512357237754,-23.721906250000004,-44.92043762745098,-64.05190624999997,-68.14799120455385,-73.74190624999997,-88.54597967406048,-89.51190624999998,-62.01660044281477,-33.761906249999925,-39.99763341350983,-72.26690625000003,-91.40350600023135,-81.51190625000007
1,-61.12221875000008,-60.03493675242724,-62.02221874999995,-40.359937351710755,83.32278125,409.89944507424804,940.40778125,1531.2701131440224,2029.0427812500002,2374.793929140358,2498.66278125,2242.6104309796074,1581.5877812499998,853.104247342415,511.40778125,611.7594139971566,755.61778125,618.3007329686626,314.6477812500001,127.66274994808082,95.64278124999994,67.66293347838551,11.982781250000045,25.01687687396226,98.85278125000006,106.61122415391334,16.227781249999893,-63.904358568020015,-68.39221874999998,-49.3432933922726,-45.21721874999999,-17.65620538329837,43.032781249999985,73.03119786754557,42.552781250000024,5.275589701262362,-4.212218749999991,-27.308262865875108,-87.44721874999998,-127.4422326173412,-99.29721874999989,-45.447183280300486,-30.45221874999997,-47.99989300338861,-53.12221874999999,-41.332186777781985,-39.747218750000044,-51.84487034263549,-60.32721875000003,-63.1620260721393,-68.66221875000008,-72.8643304356955,-70.15221875,-67.61984667913012,-67.73221874999999,-58.92979078695424,-40.92221875,-32.41302802403732,-35.79221874999999,-24.72654970535143,11.152781249999975,39.77129119305211,31.342781250000044,2.688985028787698,-12.067218750000038,-12.416694653768744,-22.307218750000033,-46.899105308893375,-69.09221875000011,-79.39728814271236,-82.73721875000004,-81.37794145751948,-73.36221875000008,-64.43861540817826,-63.44721874999974,-67.85039292747587,-67.28221875000008,-58.75726556104379,-47.98721875000003,-39.516317040096325,-34.38221874999992,-33.411510734390305,-35.79721874999993,-38.81431849575473,-43.63221874999996,-55.16346884853355,-71.97721875000008,-83.79275308227373,-83.56221875000006,-75.0698015795229,-65.07221875,-55.7332716692178,-48.30221874999997,-45.83120859824284,-47.56221874999992,-47.304940356193825,-41.12221875,-31.25876837861354,-21.342218749999958,-14.507979801927235,-16.62721874999997,-32.564215794960276,-56.84221874999996,-75.68898626683989,-81.32721875000004,-78.50452565384663,-75.01721875000011,-71.10845675311195,-60.71721874999995,-41.148019825287335,-21.232218750000015,-18.329418384899512,-40.39721875000002,-70.11214775027321,-78.3472187500001,-59.32895232655535,-39.74721875000007,-43.400483842569926,-60.71721874999999,-68.17682341808114,-64.86721875,-68.45818301967317,-82.23721875000003,-90.31036013000048,-85.92221875000001,-82.60093637883237,-90.91221875000004,-100.72007411857862,-95.43221875000002,-73.874563195771,-50.36221875000005,-38.00635549048923,-36.73721874999994,-36.85977530742352,-33.77221875000001,-36.6222074552081,-55.63721874999989,-82.43621431010283,-96.20221874999983,-91.7560756267701,-84.19721875000009,-79.62158725810589,-63.5772187499999,-32.41098988499061,-12.437218750000014,-25.031016789265507,-51.96721875000007,-62.93351536530379,-61.652218749999996,-72.84169158508159,-94.89721875000001,-101.83448296169712,-88.43721875000008,-77.23962466631426,-78.14221874999991,-75.17425546388658,-60.41221874999987,-49.83071963601276,-54.93721874999993,-65.47652671608587
2,-203.4055567576489,-112.09493750000009,5.795204928850893,-28.264937500000116,53.62842308813208,677.0350625000001,1711.179653498331,2576.9150624999997,3057.6298485992197,3401.3900624999987,3556.6876991201993,3034.3300624999997,1824.338317427537,774.2500625,569.0441287426463,843.4850624999997,829.5038585363939,451.60506249999986,187.36527610007926,175.28006249999987,130.3853634362573,-13.199937500000019,-16.20652313055666,132.94506250000006,151.74062655035414,-25.494937499999978,-139.96344631398702,-77.85493750000023,-28.13459681481507,-88.37993750000001,-99.26301610056697,16.95506249999997,95.6446689415045,34.72006250000001,-36.21120627049224,-18.124937500000044,-9.434816329714124,-84.20493750000006,-141.02833661617845,-101.37493750000006,-51.6506249044956,-67.82493750000009,-84.30832379362913,-47.2649374999998,-25.52458237746356,-64.00993749999999,-86.95225612810023,-46.6749375,-19.264337196165215,-57.579937500000014,-90.66246993696822,-61.51493749999989,-31.387351578058883,-56.45993750000001,-85.61326855484816,-68.65493749999996,-48.5284953396926,-60.239937499999996,-50.23276299986189,16.91506250000012,74.43282451011947,60.7050625,17.000004886832613,-1.3149375000000134,-20.580712619745952,-75.6549375,-124.79942225107492,-120.1049375000002,-92.4107462227503,-90.2099375,-97.20061019734806,-80.47993750000012,-61.619938120596515,-72.40493749999968,-91.75658206767841,-88.25493750000041,-78.31664807124628,-86.67493750000008,-94.18427319806982,-77.37993749999998,-58.45732780618299,-66.7599375,-87.54503336135082,-93.10993749999987,-90.41817701232382,-97.62993750000003,-104.8997511422469,-94.98993750000002,-75.47188142025345,-60.83993750000003,-49.29350965433292,-40.75993749999999,-48.811752519899414,-72.44993749999996,-84.52462787083745,-69.11993750000002,-44.99454140040166,-35.384937500000035,-39.539970873786615,-47.64993750000015,-59.273689526141894,-74.58493750000002,-87.83289823210484,-96.63993749999997,-101.05579488485208,-96.39493750000017,-86.27122629430943,-90.75493749999995,-115.12253979230883,-127.3349375,-101.74930913664807,-67.66493749999994,-70.85916544987548,-101.3849375,-109.47464615266728,-84.15993750000001,-62.81591495834229,-65.3849375,-73.23408608972423,-76.7199375000001,-90.72254683907094,-113.18493749999999,-116.99765723069872,-97.26493750000003,-84.35485577593238,-95.17993750000002,-108.61703294651304,-103.49493749999992,-88.02997501634847,-78.00493749999998,-73.93142058900455,-71.3499374999999,-70.42717611110555,-68.21993749999999,-61.417440631513955,-57.47493749999997,-63.173059921353456,-68.02493749999985,-62.50548196074082,-62.30993749999948,-84.30643039911155,-108.59493750000009,-101.13742806832651,-68.99993749999996,-54.215402454246444,-72.03993750000004,-93.14549014604412,-92.7199375,-82.15202168457773,-81.74993749999996,-91.28127894957208,-99.64993749999991,-102.01408745293452,-98.27493749999988,-91.63877652935616,-92.41493749999984,-106.5289735803131,-120.15493749999996,-114.4700901291836,-95.39993749999991
3,-75.64724999999999,-95.29399414246525,-63.18224999999997,-14.38074102212309,46.07775000000005,248.23790591381874,706.1927499999999,1323.964460177518,1897.4827500000001,2331.4925163271414,2575.34775,2447.538235275574,1820.2327500000001,976.0768423106229,459.6377500000001,464.88277229527523,629.7577500000001,563.6868782468553,318.1077500000001,157.9994531047273,120.26274999999997,62.905453219513035,-16.387250000000037,-1.8569871147477954,79.77775000000015,81.85539082204279,-8.4122500000001,-62.09143587131517,-42.30724999999994,-41.84999458061569,-84.55725000000007,-81.5058276607492,-9.702249999999992,36.50685203535626,9.08775,-26.68669286144231,-26.07725000000002,-30.845875719045672,-62.21225000000014,-72.23636080883037,-44.75724999999991,-32.922865954574924,-55.23224999999995,-59.27580245751954,-28.49225,-21.75417969021666,-62.79725000000006,-89.43102082897686,-62.97725000000001,-36.42051425606987,-58.19725,-90.8943575845954,-85.26225000000005,-63.60280472494398,-68.48725000000002,-87.33200898130107,-85.47725000000005,-65.95381956736884,-46.452250000000035,-20.909860774808664,11.312750000000094,19.814705063858227,-11.162249999999958,-48.77713868613411,-59.76725000000007,-55.897924785797976,-59.17724999999994,-61.2745590290799,-51.63225000000008,-47.88637184599474,-62.50725000000011,-72.90933224555451,-59.13225000000012,-40.66158352317208,-43.682249999999925,-60.38500416012501,-70.40725000000013,-74.353333646429,-77.71224999999995,-70.18438406248667,-50.032250000000055,-41.638984175418024,-59.52225,-80.34755095265123,-79.49224999999997,-70.4300991339965,-77.22225000000003,-90.31718340808659,-82.56725000000003,-53.45837383056356,-27.52225,-19.915329626012152,-27.852249999999955,-44.90302684210627,-61.84724999999999,-64.0336640059802,-47.78224999999993,-30.20203566526719,-27.392250000000047,-34.517308377295954,-40.77224999999995,-48.422670975212206,-60.972249999999995,-68.2746898334306,-62.172250000000005,-54.04582081382825,-58.257250000000134,-68.60961125089442,-68.25224999999986,-53.726859345336514,-34.232249999999986,-17.025412708784287,-8.347249999999988,-18.08116410508829,-46.3472500000001,-73.11105128985027,-77.71224999999998,-64.14452609469869,-53.60225000000005,-57.14363004730892,-68.48724999999993,-78.5444464078027,-83.29225000000008,-80.01866498378915,-68.53225000000003,-56.13494642598948,-52.227250000000055,-57.888038837282224,-66.71225000000004,-73.47877398730144,-75.86725000000004,-71.33066420362114,-60.46725000000008,-51.970846201575306,-56.17225000000001,-72.1803311940252,-86.34224999999995,-85.28830047112211,-68.53724999999997,-48.240085207364686,-38.32724999999988,-43.51801270015814,-56.71725000000005,-65.78160337669142,-63.132249999999914,-50.87727682220187,-39.162250000000085,-38.62955822045815,-50.21224999999998,-62.01205540179194,-61.79225000000007,-53.66952660846709,-54.462250000000054,-69.7857519387783,-83.68224999999998,-80.48032789707588,-67.89224999999995,-64.97679534559457,-72.48725000000002,-72.20783254575375
4,-84.45203125000005,-90.58631015786655,-76.70203124999998,-18.306436044376966,149.9679687500001,514.6106342375776,1067.6429687500001,1665.4308680339425,2147.9929687500003,2430.1485846819473,2434.6829687500003,2068.8031299684217,1402.2479687500002,772.0140331161806,513.0529687500001,590.5224272861683,661.5379687499998,508.9660161032947,249.79796875000002,88.73749899044216,51.86296875000008,52.56444804679634,64.39796875000002,97.50010445229233,104.18796875000001,38.946664079504984,-46.36703124999991,-73.91828016075792,-57.192031249999935,-53.47563919231737,-51.50703125000001,-7.052684663268167,51.387968750000056,56.83074189266145,16.997968750000013,-5.823007354247977,-8.102031249999996,-38.613195396677085,-89.20203125000006,-93.82661812448767,-43.227031249999996,-6.7390547286520075,-21.882031249999983,-46.04825209993409,-42.07203124999998,-34.65058453015487,-49.76703124999998,-65.66489594059482,-61.56703125000006,-58.94746217969518,-76.01703125000003,-88.58192167107381,-74.41703125000004,-56.590169612916284,-64.65703124999999,-85.06052699816243,-85.85703125000005,-64.61560834848231,-39.55203125000011,-16.073474055550534,7.082968749999978,17.63066483099702,4.907968749999995,-19.017080952442768,-37.512031249999964,-54.282476695630635,-77.87703124999993,-96.72895044841816,-94.64203125000002,-79.92522019335965,-74.31203124999988,-79.66650270004618,-78.29703125,-62.69697081507153,-44.7570312499999,-36.20821092878742,-36.59703125000016,-41.01900679478787,-46.097031249999986,-47.84878030365128,-45.392031249999974,-47.172814337160844,-62.697031249999895,-86.87493938227465,-102.13203124999998,-98.16407746877597,-81.84703125,-65.7391462970938,-54.49203124999995,-46.06766363668723,-39.79703124999995,-37.51901708905261,-39.36703124999998,-42.515934897041674,-42.86703125,-36.1600836338493,-20.812031249999947,-3.108503058841592,4.292968749999872,-4.979452584824131,-22.387031250000007,-35.62875108239213,-45.63203124999995,-61.649472935251985,-80.5670312499999,-86.94585143672522,-78.50203125000003,-73.88953699666925,-83.64703124999983,-90.4915266160051,-76.59203124999999,-55.97814592062142,-55.24703124999981,-70.66594845052522,-72.98203125000006,-53.809461948955814,-38.39703124999993,-46.29896556841864,-65.29203125000004,-74.88522173853642,-73.57703124999995,-69.61959462054537,-63.10203125000015,-52.4443306875242,-46.10703124999991,-54.018427519696175,-74.14703125000003,-94.64556220956578,-102.40203124999996,-88.82323646272083,-59.60203125000005,-38.41954782973049,-44.087031250000024,-63.464117311408685,-66.93703124999999,-51.5612427358115,-43.97203124999997,-56.38079981973487,-68.75703124999993,-65.17464835172616,-58.402031249999986,-62.06995126624982,-65.71203124999995,-57.75860212580312,-48.992031249999926,-50.73288280488863,-51.88703125000006,-41.9049185369625,-35.90203124999991,-49.78457295522178,-68.02703125000001,-65.86010738607439,-50.44203124999996,-49.585256785995995,-67.77203125000014,-82.7519374125102,-82.12703124999996,-76.66689368184959,-77.57703125000003,-82.82373917474614
5,-168.77337993669533,-106.51393750000003,-27.002027266262516,-64.6839375,-27.30893782528561,432.08606249999997,1298.6962884959964,2184.3210624999997,2841.60901966665,3317.1210624999994,3535.911923561691,3186.2610624999998,2249.9823879511864,1278.0860625,815.280686653219,789.2010624999998,761.6529479395215,562.3210625,346.0375554689571,199.18106249999983,62.58876055022786,-28.483937500000053,31.098446239927327,163.05106250000006,163.26194878050137,18.831062500000016,-83.80235032281989,-72.92393750000014,-67.5417283584225,-118.78893749999993,-119.57782087259126,-26.95393750000011,44.165793235053954,23.6610625000002,-5.986358363738589,17.351062500000054,24.40335960431922,-38.49393749999987,-100.80456603741254,-96.04893749999994,-72.04490392547322,-86.91393749999975,-105.59781914122996,-82.66893749999987,-51.75706292649818,-54.71393750000004,-65.78638644345898,-55.77893749999993,-53.648162389286426,-80.18393750000004,-94.69234524504957,-69.4939375000001,-47.77685992619523,-67.25393750000002,-91.47071087800401,-76.07393750000011,-42.93325095047838,-29.853937499999986,-21.639320277942915,10.331062500000158,46.93898694659002,54.551062500000015,39.46216767111942,21.761062499999994,-6.450791468233305,-52.693937499999976,-91.20017038046294,-100.57393750000011,-100.68554194071929,-114.34393749999998,-126.06020828851884,-115.27893750000011,-97.21636128828929,-93.76393749999994,-93.96295106143211,-79.05893750000007,-59.995409439493926,-56.688937499999895,-63.82080319421233,-66.76893749999988,-69.13769735587496,-78.74393750000011,-88.68912703489622,-94.50393749999998,-105.72606413169109,-120.28893750000002,-115.2608614828425,-84.9339374999999,-59.066936271960344,-58.983937500000025,-64.62921818392871,-52.52893750000001,-37.9659383453555,-46.50893749999999,-66.52470844226548,-66.18393749999997,-43.79127246383793,-27.533937499999965,-32.57314356849491,-47.69893749999996,-61.27493094872261,-74.8189375,-89.62706410022534,-99.78893749999995,-102.64799965030957,-103.88893750000011,-109.08529903668041,-116.79393749999979,-120.29971292815628,-112.74893750000004,-93.39889803135443,-71.77393749999993,-61.591071321320726,-67.07393749999999,-77.55997415977818,-77.39393750000005,-60.98234833555803,-40.363937500000006,-37.55648488706235,-62.25393749999995,-95.96634455486321,-109.48893750000003,-99.14655408616234,-90.17893750000016,-98.22931559764226,-108.25393750000002,-104.32878028011544,-97.5739374999999,-103.61711636743152,-112.19393750000008,-104.8360130941692,-86.99393749999993,-75.6297960581285,-69.17393750000002,-58.56023626376856,-54.28893749999999,-69.92467308224617,-89.91893750000011,-89.44279775592038,-78.16893750000017,-86.07127142456224,-109.92893750000013,-114.99281240331037,-91.68893749999995,-69.61389641207523,-67.87393749999993,-71.31989264019644,-68.00393750000006,-71.65744519430277,-89.52893749999997,-102.91457505417449,-100.88393749999997,-102.06259994393928,-118.78893749999993,-127.99301524206633,-106.53893749999985,-73.45924712211199,-65.84393750000001,-86.99308126329429,-107.92393750000008
6,-162.90254865855945,-120.63740625000008,-58.89084015866757,-82.00240624999996,-5.844779775777482,491.2825937500001,1382.6282336288798,2266.99759375,2872.855666028885,3253.7775937500005,3400.8159129806477,3067.3075937499993,2219.905359342195,1331.4125937500003,894.897555762496,851.6975937499999,800.3631071288014,589.4325937499998,377.61423715461666,246.82259374999995,118.98090053846687,10.557593749999995,36.8844654233323,150.71759374999993,158.9733041830758,30.227593749999926,-63.98270448037387,-47.427406249999905,-37.20252163597975,-94.24740625000001,-110.31903416588706,-24.87740624999995,51.69433797961625,29.732593750000092,-19.997708803400315,-18.857406250000054,-17.68452604462493,-74.94740624999983,-130.242153658151,-110.38740624999998,-56.52802969184317,-42.84740624999989,-56.06640201906626,-49.092406249999826,-38.35945561970031,-59.90740625000001,-91.34408894724118,-95.29240625,-87.01739941707169,-93.52740624999997,-97.24936547900354,-78.24240624999996,-61.1290282603138,-66.97240624999993,-69.28620006773482,-46.967406249999954,-28.462147085311003,-34.09240624999991,-27.335082978989007,23.40759374999979,81.52303044793504,93.45259374999998,62.99880696508731,26.57759374999989,-6.957509592238679,-45.00240625000005,-75.11617902925616,-85.47740625000009,-91.89850278810162,-106.76740625000001,-111.91101152986312,-96.07240625000003,-84.69456272384267,-97.21240624999984,-109.68756507972276,-96.62740624999992,-75.99771202183516,-74.41740624999993,-79.49136115897974,-66.55740624999993,-45.17952511600022,-40.45240625000014,-52.20864796706252,-67.53240624999997,-88.50303365627084,-113.07740625000002,-115.09016689347705,-81.19240624999986,-44.42572401826294,-42.832406250000275,-65.35551315503348,-76.44240624999968,-73.37253313514881,-77.24240624999992,-83.69929897165937,-68.6924062499999,-36.679489585357004,-20.512406250000026,-32.636085483879455,-52.11240624999981,-62.66211598830601,-71.69740625000006,-86.81614922112666,-101.32740624999988,-109.86725021204303,-115.79240625000007,-117.56780214250479,-107.9074062499997,-91.06355047502444,-81.92740625000002,-83.1844059462982,-81.82740624999997,-73.9039034275718,-73.50240625000004,-87.4097155527524,-98.0874062500001,-86.85605227111647,-63.24240624999997,-54.835780857930246,-72.11740624999987,-98.20833050723317,-113.38240625,-115.32435262133312,-110.39740625000002,-98.7851714982214,-80.76240624999994,-69.59943049639381,-80.83740624999996,-107.57435344324242,-121.92740624999993,-107.74059088640504,-79.97740624999986,-63.59707633928578,-64.37240624999994,-71.3553740791341,-77.88740624999957,-85.00417854974933,-89.82740625000014,-87.14691098562592,-81.69740625000003,-83.89517295322368,-91.49740625000007,-89.2825034344639,-71.81240624999987,-54.88267557731575,-56.48240625,-73.6437243524835,-86.69740625,-83.60040693361717,-72.61240624999999,-70.00294779933893,-80.54240625000011,-94.55474485654725,-102.71740624999995,-106.98179088007764,-112.81240625000001,-116.95071121689928,-112.62740625,-104.52964522979795,-105.77740624999996
7,-58.16387500000005,-90.11306901127556,-72.15887499999998,-40.164683730168974,-10.133875000000032,145.67388295087073,553.271125,1132.5691486271094,1696.061125,2167.029187025194,2500.346125,2486.7336825339926,1946.5411249999995,1125.2788134497034,572.9761250000001,523.1727303924544,656.3011249999998,598.4141398473083,382.241125,237.4099655846722,183.6011249999999,94.52500405816093,-6.518874999999994,2.618948703977239,84.67112499999993,86.92274660233804,-0.6538750000000277,-49.94439838965736,-30.023874999999876,-34.151537178039874,-80.41387500000002,-77.68455674168806,-5.903874999999829,39.575220852595095,13.086124999999981,-17.838137045773294,-6.92887499999992,1.6456736616264607,-25.263875,-51.19133448786282,-49.383874999999826,-45.741427492966395,-53.033874999999895,-47.55567709202886,-33.303874999999906,-47.44012396946755,-83.68387500000009,-90.22143869249882,-60.11887499999989,-45.19936230334799,-64.2688750000001,-75.73083585965136,-59.343874999999954,-49.06880404075522,-63.20887500000005,-72.46187512580198,-59.578874999999954,-46.196931782387374,-40.84387499999992,-22.30850472444388,7.466125000000019,14.637324381348037,-5.403875000000028,-17.27404331027742,-11.618874999999989,-21.76761760974661,-56.66387499999992,-77.06851813413812,-61.26887500000007,-39.791902753193675,-40.723874999999936,-49.867074832650765,-48.268875000000044,-43.931845389864606,-44.62387499999987,-40.77639046405429,-33.84387500000004,-41.64765615657196,-60.03887499999997,-59.76371921233548,-36.36387500000001,-23.197711595015264,-40.24387499999993,-68.43609255647792,-87.3188749999999,-98.7824926547644,-101.62387499999997,-83.95086770382687,-55.113874999999936,-45.03805607618438,-56.903875000000056,-59.441254069710006,-40.228874999999945,-25.656041254887043,-31.358875000000012,-34.79554058034857,-18.86887499999993,-3.730998087345938,-9.42387500000001,-21.049557908859413,-18.94387499999999,-14.782432528175377,-28.918874999999915,-53.92955478394742,-67.76887500000001,-67.22835295966934,-65.61887500000006,-69.49620233689873,-75.58387500000003,-80.32965055731252,-79.44887499999997,-68.76040347622444,-55.19387500000001,-55.05450388045148,-72.82387500000004,-92.75193186366867,-97.62387500000003,-85.58248927924174,-66.273875,-52.59516443042153,-56.078875000000025,-75.85308096444687,-93.06887499999998,-91.60793691290661,-80.80387500000005,-79.3825914489667,-82.88887500000003,-72.3090329308426,-52.43887500000005,-51.36852363052736,-76.31387499999997,-98.29368569689109,-91.51887500000005,-64.59443839793009,-41.243874999999974,-31.333361146805984,-33.65887499999995,-48.28072458998105,-70.73887500000008,-87.1699092294838,-88.32887499999995,-79.56074236912272,-69.25887499999993,-58.35771841326047,-48.063875000000024,-45.71710116631249,-54.248875,-65.55651121195086,-71.81887499999999,-74.74055112411813,-77.743875,-78.29912522884553,-74.22887499999997,-69.12703050897095,-65.53887499999999,-60.4998642135553,-53.30387500000001,-50.198802563743214,-55.72387500000007,-65.81447146613502
8,-105.87730090257674,-99.09534375000001,-94.0144615070005,-81.03034374999993,9.034344432901804,313.22965624999995,936.974085151713,1803.76965625,2644.449564758042,3188.8896562500004,3343.3393204808867,3147.4096562500004,2644.0935889901875,1915.6346562500003,1200.7088156955126,786.43465625,713.6112331439633,716.39465625,544.65647008146,250.80465625000002,62.18618242307062,60.414656250000036,120.34942342071034,120.93465625000002,73.66032273405307,34.79965625000014,8.345339648616061,-24.00034375,-52.95311193874218,-62.270343749999974,-54.33662940373418,-33.860343750000055,-3.2933328895987017,17.489656249999967,6.043762277959587,-24.980343750000003,-44.10743056767208,-51.610343750000055,-69.60956931306436,-88.56534374999995,-77.89697760843691,-48.56534374999994,-45.61838335776463,-72.58034374999983,-84.64008107280537,-69.12534374999993,-68.5005920936699,-101.27034375000008,-123.3958725004543,-102.02034375000005,-71.27995502896727,-73.67534375,-93.40544258339106,-93.06534374999991,-77.76310199193102,-75.47534375000016,-82.69839965423132,-74.74034375000001,-48.83023110642948,-18.100343750000036,16.69955443055437,52.13965625000003,59.37671459947467,16.88465624999992,-47.849280515534616,-86.44034374999998,-89.08502820869234,-83.57534375000003,-87.13619350408982,-93.41534375000005,-98.41707870565304,-105.44034374999997,-108.38073425465265,-99.05534374999988,-87.00131896612993,-86.7703437500002,-92.33803263972985,-88.95034375000009,-81.2542891791042,-82.7753437499999,-87.01733059598763,-78.86534375,-67.05495896902605,-73.40034374999993,-94.07234363667487,-103.57034375000012,-95.38332982139292,-86.92034375000003,-83.94253753397322,-72.95534375000008,-53.38328851688317,-45.84534375000018,-59.60604483306943,-78.18034375000002,-85.44587693958294,-81.96534375000013,-69.34002623108424,-44.63034375000001,-18.67140136937175,-13.565343749999997,-30.800243855975822,-46.400343750000076,-49.2652795646611,-58.35034374999999,-86.28679321799473,-111.75534375000012,-110.09267752365552,-91.15034375000002,-81.77803595088204,-84.86034375000017,-81.64901075616581,-66.78034375000004,-55.779057434702096,-59.16034375000008,-70.13224461699917,-80.07034375000006,-88.98851813379612,-96.5353437500001,-96.77267511468085,-88.53534375000005,-81.39172053147502,-84.07034375000003,-92.15573854552015,-93.51034375000015,-83.84209606734944,-71.95534375000005,-69.23326484385957,-77.32034375000012,-87.8861626364648,-91.68534375000007,-84.4427259700258,-66.95034375000023,-46.82898801884593,-39.42534375000004,-56.02633784989122,-87.21034374999986,-108.80801845021621,-110.72034374999984,-107.94247940008573,-114.35034374999974,-120.26960849599145,-111.00534375,-93.77466499289837,-85.34034374999997,-83.36164367870134,-74.93034374999999,-66.57236684493773,-76.64034375000014,-99.1865773448597,-106.64034375000003,-93.53588077012495,-86.69534375000009,-101.35080788546746,-116.79534374999989,-111.6714856543435,-97.00034374999993,-94.26907556814072,-102.90034375,-110.50753792131171,-115.82034375000002
9,-117.19130851763505,-116.52918750000005,-99.14021837455064,-74.97418749999989,-1.3635448104946875,261.34081249999997,848.775215001477,1712.3908124999998,2596.1767258203345,3225.9908125,3468.62626110814,3294.205812500001,2713.8819841805807,1869.7058125,1093.928568023324,692.9958125,648.5973125790052,657.1758124999998,496.29513770382266,241.82581250000013,88.32636490676597,81.74081249999986,118.07852996441332,117.66081250000013,87.80626996992811,48.24081249999992,-5.9503330916279396,-65.84918749999999,-100.67098350934488,-98.35418750000008,-75.1375907210699,-45.80918749999999,-16.27274427362603,1.4008125000000575,-2.502460980100281,-17.739187500000057,-29.793137961843996,-43.03918750000007,-65.30361903945882,-83.73418750000005,-82.2426434850787,-70.23918750000018,-67.97059732261718,-74.80918749999984,-76.98423622980685,-74.96418749999987,-77.70408799976215,-80.3391875,-73.00087922766323,-62.974187499999985,-64.05342700638997,-71.89418750000004,-72.83105566742208,-69.57918749999993,-75.60032785279896,-89.61918750000004,-95.9670873732667,-85.34418749999992,-58.86954995843063,-19.884187499999797,20.806429224469184,40.4308125,24.108872607970653,-15.874187499999934,-54.53198207352487,-80.05918750000001,-93.728623521047,-97.05418749999995,-94.38882462834853,-96.17418750000004,-104.2466678394885,-105.78918750000004,-95.15943122766389,-86.1641875,-87.94573321665678,-87.11918750000052,-71.80230458295111,-53.99918749999976,-47.30091704461748,-42.47918749999995,-29.565477158335682,-23.914187499999983,-41.24062306525538,-64.66918749999999,-69.20218772237283,-64.15918749999999,-75.94121306745967,-99.71418749999998,-105.90753087215757,-88.79918749999987,-71.21097174988782,-63.29918750000001,-54.010867840753406,-44.13918750000002,-49.383560621343634,-64.53918749999997,-62.14549352499479,-38.17418750000007,-24.382293473597343,-39.49418750000004,-59.621349819456356,-57.46418750000005,-44.10231959699476,-47.52418750000007,-69.31075023562586,-88.25418750000009,-95.08789733343711,-99.71418750000015,-108.7792483664548,-115.31418749999986,-110.77644230724677,-95.71918750000003,-79.07142884970659,-73.23918750000018,-85.31897964410089,-106.6791875,-117.29095608057187,-107.77918749999996,-91.43125097815134,-86.97918749999998,-95.64006698390438,-103.80918749999996,-102.83575093007443,-95.55918749999995,-86.55572682372792,-77.67418750000004,-73.606179070184,-80.57918749999999,-95.15490671117978,-102.99918750000002,-95.50129062446739,-81.8691874999999,-76.99308160899454,-81.32418749999994,-82.65985033946876,-76.70918749999991,-73.7389316853529,-80.87418749999979,-89.5750433248293,-89.48918749999996,-85.49179434618823,-88.7791875000002,-96.66926237524748,-95.1041875000001,-79.93679158066263,-63.314187499999974,-58.15456886442564,-66.45918750000007,-82.91772180158816,-99.69418749999996,-107.82885675415228,-104.75918750000002,-100.45833306181841,-105.29918750000002,-113.05590293133895,-108.92918750000014,-93.54879578493885,-83.40918749999989,-85.95876190800044,-90.7741875000001
10,-112.57068750000009,-166.62611739334278,-100.59568750000007,6.107207996379742,95.45431250000007,419.8350906046959,1238.2143125,2303.473158851354,3062.5443125,3335.91261763438,3357.4443125,3155.1869247175,2461.1143125,1388.4462919670693,617.0493125,558.7958965574013,785.5443124999999,681.7485622197594,292.41431250000005,77.8840250860041,131.5193124999999,157.67185921968354,56.524312500000065,19.038093119666968,89.53431250000008,83.33793372812548,-41.54068749999992,-109.04878392787153,-61.50568749999993,-43.01054190730662,-99.88568750000002,-98.22778483814791,-0.47068750000002524,49.07753236034631,-13.860687499999926,-70.38248137869846,-49.53568750000014,-38.46372601743282,-87.13568750000002,-111.09204867008638,-68.22068749999983,-42.97566966263524,-75.81568749999998,-84.89008472432809,-35.435687499999915,-19.64509540265287,-85.53068750000007,-141.60305243862118,-117.53568749999997,-78.00467257176419,-90.6556875000001,-111.04878118002712,-86.62568749999997,-58.6245110965841,-73.41568750000009,-92.95363484528816,-72.90068750000006,-40.112495670338376,-23.62068749999996,3.8149830770538387,51.14931249999995,62.36406234922612,8.509312499999993,-53.0070707211288,-70.85568749999986,-75.10726178083621,-103.6256874999999,-129.31628039683278,-120.37568749999981,-103.67103710208258,-108.77068750000002,-110.38913770997695,-81.96068750000002,-50.764529674815805,-49.29068750000003,-62.75533668010487,-68.02568750000006,-73.83163577859781,-84.64568749999995,-77.94632255535765,-53.245687499999875,-49.05374025570053,-76.71068750000009,-94.40548927534888,-81.46068749999999,-77.15066817273824,-105.50568750000001,-123.37889099185672,-92.32068749999998,-47.25686820905739,-40.32068750000005,-62.36843909805038,-73.71568750000012,-73.50721111888413,-84.11068750000003,-96.61718188662218,-84.52068750000001,-53.10213568995191,-32.14068750000007,-33.14841323798814,-46.80068750000011,-67.8161018036719,-93.62568750000003,-112.26785866435823,-115.63068749999998,-112.3943261514832,-111.37068749999995,-107.54822900961196,-97.03068749999983,-86.78927364813796,-79.23568749999998,-68.6550948793217,-61.08068749999987,-71.88008639413714,-94.53068749999997,-100.357892344932,-80.99068749999991,-62.7892191674887,-66.52568749999995,-80.93640235828445,-89.40568749999989,-93.96409050164769,-97.46068749999999,-89.96609263481531,-70.84568749999998,-59.97260168371351,-69.45068750000002,-85.51385371242228,-93.3306875000001,-97.68510234749048,-103.83068750000007,-100.1767863584378,-78.46568750000004,-53.644822114572506,-45.95568750000008,-55.70659229655084,-68.7256875000002,-75.22880363299473,-73.97068749999981,-69.71020602273794,-73.0356875000001,-89.5977610935401,-105.73068749999999,-100.89976870597054,-78.08068749999998,-63.20728771119526,-69.50068749999991,-82.30052095850007,-86.06068750000003,-85.3882831061324,-89.0606875,-92.70604445253225,-90.51568749999996,-88.30733884866947,-91.58068749999993,-93.60806850661783,-88.15068749999992,-82.98207641597058,-88.4306875,-101.24519395509422
11,-82.14124999999996,-106.0683195001729,-69.91625000000009,-16.92700789644924,38.79375000000003,235.08104162025813,696.98875,1319.132483597755,1881.9937499999999,2300.2154586991833,2547.1237500000007,2439.00308382598,1821.2037500000001,969.1970863606335,451.13375000000013,473.792185682719,655.21375,586.7302805999766,333.03375,178.52579635416566,152.36375000000004,93.33140646885495,3.1387499999999875,18.57165128276793,115.77874999999999,126.5668339294334,22.638749999999916,-55.99032034455388,-49.04624999999998,-39.593117072807715,-64.37625000000004,-57.266257290145944,-5.436250000000015,11.817411480228913,-27.316250000000025,-50.16783162696352,-32.46625000000003,-37.28723503989396,-79.96625000000004,-89.2732738660503,-41.76625000000008,-9.910600674037,-33.52124999999994,-58.23898450420371,-46.73124999999996,-42.69479484811712,-74.44125000000003,-94.32752396613644,-68.62625000000004,-40.458846832922376,-49.341249999999995,-65.68405428647094,-57.13625000000004,-48.80324142758481,-65.28125000000003,-75.84387309499053,-48.66124999999999,-6.7035394500282734,15.043750000000102,20.104217213741848,20.73875000000004,6.310808913011741,-22.676250000000024,-36.25585535420896,-25.566250000000025,-26.399595434869298,-59.18624999999996,-90.68071325255177,-89.18125,-73.83139803288502,-73.52625,-78.26922172421531,-68.81625000000008,-57.74340850274528,-62.8212500000002,-70.21048400940423,-59.701249999999916,-40.62441348583931,-31.911249999999953,-31.39171325246106,-32.46124999999981,-45.304414973669914,-73.45125000000002,-93.55966246914062,-87.0562499999999,-71.0612128399585,-70.96124999999998,-80.7021337371017,-76.24124999999988,-53.639856577549516,-30.451250000000044,-20.376150084156876,-24.851250000000007,-39.501045903095765,-54.416249999999984,-57.356781921898786,-46.686249999999966,-32.48915072857102,-22.096249999999912,-17.389997888055575,-24.306250000000034,-44.833148304982224,-61.70625,-56.805597935162375,-44.38624999999995,-55.8122890832597,-88.71625000000026,-105.2894495579038,-88.33625,-63.54920692238485,-54.46125000000006,-52.00045901132141,-46.376249999999985,-52.972793047106784,-80.76125000000008,-104.3165647331192,-96.45625000000004,-68.15036963351298,-50.06625000000004,-51.49435933187918,-60.60625000000001,-69.30042717570886,-75.32625000000004,-73.73082758057551,-66.71125,-68.89201943142966,-84.68625000000004,-95.08092272090292,-85.1512500000001,-68.50334573209301,-64.06624999999993,-65.27586051275843,-56.28625000000004,-43.88836304687308,-45.386250000000025,-55.031986059461715,-52.41124999999985,-39.60032824152162,-40.09624999999987,-59.31798936052501,-73.65624999999984,-65.41276329250056,-45.57625000000002,-32.83296109521841,-29.43124999999995,-28.836649926842,-31.231249999999946,-38.50741078119317,-45.236250000000034,-46.95062329412592,-49.40625000000004,-58.99329212362683,-70.98125000000006,-77.40398614439297,-79.59124999999995,-81.56896108705796,-78.03125000000004,-63.85833201078506,-51.44125000000002,-59.78767194246896
12,-92.89326463736049,-77.14171875,-44.85042814003654,-19.50671874999999,113.49346841778416,493.6582812500001,1075.108323099697,1679.6832812499997,2203.085651829932,2575.83828125,2588.405714244278,2056.60328125,1207.1633482860402,597.65828125,509.3570792310238,651.77328125,617.6241132957141,393.18828125000016,215.102112095191,142.73828125000003,59.611053643031,-28.72671875000006,-1.2939408799877299,111.49828124999993,133.29394658746517,24.773281249999954,-63.277642587855496,-48.20171875000006,-23.413690638652753,-60.006718750000076,-85.84013565697988,-37.326718750000076,20.74915880572064,13.413281250000026,-25.458548648237,-34.86671875000006,-30.425068872111716,-48.201718750000026,-65.09894313048238,-49.97671875,-30.710082152501116,-43.41671875,-66.67034748453752,-64.35671875000003,-48.69798275557762,-48.626718749999974,-55.6993553464542,-49.08171874999999,-39.30673539491355,-44.331718749999965,-53.03459284023723,-50.471718750000015,-50.239314147456795,-66.20171875000003,-78.96242455524751,-64.92671875000002,-36.16312803124934,-19.761718750000043,-16.688320215795784,-10.011718750000028,1.6904843385549384,5.113281249999986,-5.115949061037071,-24.73671875000001,-50.25598006591673,-75.31171875000005,-87.5569755316292,-82.72671875000007,-72.38905068497601,-68.08671875000007,-67.72110149795606,-64.59671875,-58.95511246952235,-54.29171874999995,-51.85624245287159,-52.43671875000029,-54.91784429727274,-53.536718750000034,-46.562317930491794,-43.921718750000075,-53.525771767427166,-65.52671875000004,-65.84950144169667,-59.711718749999946,-63.38540716062066,-76.64171875000002,-82.21753369153046,-70.09671875,-45.50696397853963,-17.77671875,1.0264189526162966,-5.971718750000036,-41.306508626971635,-76.71671875,-79.24997061471178,-51.67671875000008,-25.54731501320356,-18.391718749999953,-22.19535654479448,-30.50671875000007,-47.36226130155357,-66.17671874999999,-68.70707386014458,-54.626718750000045,-48.29207987855624,-64.10671875000013,-84.45763976396577,-85.07671875000004,-67.13440281561827,-50.601718750000046,-46.57966567941898,-49.72171875000001,-52.32209449525545,-53.68671875000002,-55.46608168658981,-55.68671874999998,-51.6000273815791,-46.49671875000001,-48.54041177290648,-59.7117187499999,-70.45360650382537,-71.78671875000009,-68.25575145805917,-68.95671875000002,-70.42899713020564,-63.11171875000002,-51.843240075149254,-51.21171875,-60.28648338426886,-62.91171875000008,-55.96379564296594,-54.44671875000001,-63.07914334463557,-67.58671875000002,-62.844736357937585,-63.68671874999988,-75.6275530411728,-81.17171874999976,-70.81437147025515,-61.9217187499999,-68.28178579154365,-75.65171874999996,-68.73874846200489,-59.17671874999999,-63.15882999829374,-72.22171875000004,-70.74854881781513,-63.541718750000015,-61.59046740396103,-58.841718750000055,-48.30215625686837,-43.48171875000003,-57.24324888762855,-74.98671875000005,-75.06140285482724,-61.48171875000002,-51.850111529202564,-48.60671875000001,-47.013913738109125,-53.67171875000009
13,-64.4045653090724,-103.30531250000014,-158.57046132308656,-120.59531249999998,-12.820761201383732,140.5546874999999,527.6011560905931,1327.7346875000003,2321.9428572386473,3043.9846875000003,3314.391921045875,3293.9846875000003,3018.54480090474,2321.0546874999995,1338.2909697523673,638.4996875000002,557.5464081066768,740.7696874999999,660.7206239991339,320.49468750000005,97.65352469906274,109.49468749999987,135.5934882200795,63.36968750000004,18.57642321820599,58.49968750000001,64.1768867436803,-16.58531250000007,-78.08567810235397,-62.11531249999999,-43.106859227944426,-60.60531249999997,-51.815806934399845,2.2796875000000085,26.25330689045795,-10.485312500000049,-45.468972783706036,-48.34531250000002,-62.80168200155728,-96.24031249999985,-95.07794491087223,-57.2603125,-48.59094570786064,-81.07031249999984,-90.8047276208381,-61.40531249999991,-54.47726405850135,-89.11031250000002,-102.9918971768911,-68.74531250000007,-45.354494311897085,-73.3053124999999,-110.13752096253306,-111.21031249999999,-94.74446910680155,-89.14031249999996,-85.80470387587218,-75.68031250000004,-69.22480555554682,-56.820312499999986,-11.547360632922263,50.06468749999989,71.90616312020283,39.009687500000084,-5.146961076841862,-33.14531250000017,-62.864341413044365,-100.3803125,-117.59077779927075,-104.63031250000004,-88.9700356640066,-87.01531250000001,-86.18552542203958,-83.41531250000044,-91.52454737905872,-102.09531249999989,-91.7008551659345,-67.71531249999998,-59.63213297952039,-67.19031250000012,-66.8614836556789,-62.68531250000014,-76.29888879116245,-95.42031250000004,-91.32477989999828,-78.59031250000002,-93.80164948046988,-122.31531250000016,-114.71126594015064,-73.11531249999999,-50.63567984370087,-63.29031250000009,-72.97404766289532,-62.745312500000054,-57.96244909539175,-63.900312500000055,-53.15208723459759,-27.970312500000034,-26.328156018619765,-50.62031250000008,-57.99745605172656,-39.16031250000002,-38.69261877109868,-74.69031250000013,-104.70808430952233,-99.28031250000004,-86.54290819409948,-92.1403125,-93.56896460399935,-70.46031250000006,-48.118952735065946,-52.5053124999999,-66.00567060171522,-64.87531250000006,-61.75688254471032,-75.30531249999996,-91.47312911154879,-89.28031250000006,-77.4109375093725,-75.79531250000008,-84.88269644881696,-96.1753125,-108.28540611901087,-113.4153125000001,-95.91835863327672,-63.86531250000001,-53.27570818870329,-79.81031250000008,-113.02617094177826,-119.18031250000004,-103.47675743400416,-89.0303125000001,-79.81297645178002,-68.4203125,-59.62558938294032,-62.22031250000002,-71.75003695813524,-79.64531250000023,-86.89554828741468,-95.49531249999959,-100.11964888342925,-98.95031250000011,-98.37088437701114,-98.78531249999993,-91.72216931948182,-77.87031249999993,-70.6449364960088,-75.25031250000008,-81.63361397387031,-83.4753124999999,-85.98267016158567,-91.02531249999987,-94.0624171294491,-97.98031249999985,-107.88928538166721,-111.60531249999998,-92.86666149124635,-66.65531249999987,-68.53131506864703,-100.19531250000004
14,-114.40861944194499,-73.03512500000002,-7.133585143301929,-39.11012499999994,46.98268309978427,600.2598750000001,1527.2421658906408,2337.1998750000002,2803.7285316504745,3132.0398750000004,3361.7946170863106,3121.1948749999997,2263.404032888142,1310.5798750000001,861.9181306359969,854.8598749999999,810.4568881598738,569.074875,350.43700922675686,250.424875,140.1319636378072,15.049875000000029,27.921407524150524,152.17987500000015,165.3389229877672,15.684874999999963,-100.1134985643671,-79.44012499999988,-50.53863230605093,-99.04512500000001,-123.12931990752513,-54.71012499999998,6.572606680906219,-15.770125000000121,-48.33888611617775,-31.490125000000106,-31.38421700036335,-90.47512500000006,-128.7325152188743,-93.22512500000005,-60.54314796583874,-93.70012499999994,-130.1932147327766,-106.93012499999992,-73.34862291084633,-85.83012500000008,-102.19647765182937,-75.34012500000009,-50.00519532257286,-73.71012499999998,-102.7181771257838,-86.44512499999988,-62.79646644251327,-82.48012499999994,-113.07872600691944,-102.56012500000003,-71.16964244962898,-59.72012499999987,-47.89956451502064,-2.66012500000015,45.986917512035134,52.07987500000003,29.484682328608912,13.254874999999984,-8.443618130715052,-57.640125000000026,-104.50783661276385,-108.15012500000013,-85.21941334604682,-78.46512500000003,-88.02908789032517,-88.24512500000006,-82.49496569709767,-88.960125,-98.08628365818917,-91.7201250000002,-80.37401496263246,-79.97012499999998,-77.489682341308,-58.54012500000002,-41.403761570060624,-45.69012500000004,-55.74756968446144,-53.130124999999936,-55.403476845357574,-81.73012499999993,-107.9594989322673,-99.97012499999995,-69.33980598905575,-53.02512500000016,-56.086735286742396,-55.94512500000005,-48.38021740618551,-48.39012500000001,-54.728018069835514,-50.775125,-36.01428796135475,-25.87012500000006,-24.316773984102923,-23.225124999999935,-24.96939897588966,-41.290124999999975,-70.86476162199492,-97.06512499999998,-107.60484956463773,-103.84512499999998,-94.01367319273604,-86.70012499999984,-85.80950671358394,-85.53512500000006,-77.6953386360222,-67.07512499999987,-67.97158555758526,-83.07512499999997,-99.7611204892274,-108.90012499999995,-111.02709162325415,-103.935125,-85.24407730549916,-68.83512500000008,-74.36041426983141,-95.655125,-104.25945823194527,-90.39512500000001,-75.11936677232958,-74.98512500000002,-81.71064356629921,-85.80512500000003,-92.0375402376475,-99.30012500000001,-92.77725047081012,-71.060125,-56.02292581626975,-61.06012500000006,-73.53343001586765,-81.98512499999958,-94.15008393206232,-112.57512499999982,-120.42359030234338,-110.74512499999976,-103.09005676164163,-109.71012499999992,-111.539865166092,-92.14012500000003,-70.49870806885458,-71.97512499999996,-88.13174256502904,-95.32012500000009,-94.66970721742375,-101.95512500000002,-112.81344472479864,-111.34512500000017,-102.99907691761388,-105.905125,-115.60229870000227,-110.26512500000004,-88.90322886655898,-74.91512500000002,-80.81311827061302,-95.23512500000004
15,-95.74379140073395,-62.98525,-42.26525127486199,-49.83524999999998,31.7619005228415,332.51475000000005,828.8096562132632,1396.68475,1962.9219943381663,2453.14975,2644.4169372636547,2304.40475,1543.7655934398456,833.7347500000003,543.8437456700005,586.2697499999999,627.1166804567141,512.52975,333.24229883043506,182.91474999999994,61.14054769233684,-14.715250000000026,7.3307184602424655,92.61475000000004,123.24761926460693,57.71974999999995,-22.758417015242856,-52.02024999999995,-56.04177874427827,-63.46025000000007,-45.71483301696114,7.394749999999959,43.03229422202122,28.514749999999992,4.908280588510749,8.984749999999934,10.821347997277584,-20.135250000000013,-51.087561140120094,-44.24525000000003,-24.701565104172545,-32.020249999999876,-49.585418754185895,-41.21524999999998,-21.5331351353623,-30.175250000000048,-61.530314197142964,-76.30025,-66.69192769831274,-60.1402500000001,-67.9781184285558,-73.43525000000001,-65.8098500164403,-52.79025000000004,-43.22366636395647,-42.165249999999986,-52.857814533668034,-62.50525000000007,-43.25534021718745,8.249750000000034,51.29608695248143,48.519750000000016,14.398861867521589,-12.660250000000033,-26.755503932510976,-47.905250000000045,-75.18368241470549,-86.89524999999999,-81.04451237485952,-77.70525000000006,-81.85320795397543,-77.96025000000009,-63.41293214787863,-55.11025000000036,-57.56560141220989,-54.28025000000014,-39.91568154184851,-34.56524999999995,-52.59703276307087,-77.52024999999995,-83.14780524244362,-66.86525000000013,-48.17563654920227,-42.01025000000007,-45.8163450476838,-50.99525000000001,-57.28466216868921,-70.35024999999996,-86.54745750070089,-88.50525000000002,-65.50502998549192,-34.82025000000016,-27.293600729376777,-48.38525,-69.97934287661843,-68.23025,-51.847443643255176,-40.69525,-34.611751859614486,-22.925250000000162,-11.616189376405785,-17.490250000000003,-40.515222948423585,-62.665250000000064,-73.08407523619161,-77.54524999999994,-83.08277032447646,-87.50524999999988,-85.35045145545992,-74.66024999999999,-58.73195680628382,-47.16025000000003,-49.55206688489143,-62.390249999999874,-71.40745626807272,-72.72024999999998,-76.89603738491033,-83.86524999999996,-75.16595870435884,-47.710249999999945,-32.38178934896111,-52.79024999999997,-84.00796665293043,-84.43024999999999,-55.82560600896451,-36.710249999999974,-44.15080701274894,-59.545250000000024,-69.12785318996511,-79.34025000000003,-88.72059584369329,-82.88024999999989,-65.68692650787054,-59.79024999999987,-66.52213057473945,-61.43525000000003,-41.68830045044471,-38.97524999999963,-66.30214384245484,-89.58524999999999,-78.44664442681665,-52.63524999999989,-47.874219296777014,-63.385250000000056,-75.73223028882515,-81.06524999999993,-88.88598228947598,-92.49024999999999,-81.01201574641426,-67.25025000000001,-69.78860764379158,-78.63525000000007,-71.36393689852657,-53.310250000000025,-48.309599983480375,-57.645250000000175,-62.20958224711639,-59.19025000000004,-61.630734438829066,-65.70524999999998
16,-83.69854485500768,-62.78750000000012,-37.12495982237703,-33.48249999999999,47.063572419367915,340.60749999999996,839.6223949478729,1416.7225,1982.840984811585,2462.9275,2649.9369750204432,2318.5025,1563.9435903704077,839.0425,520.1651404706519,550.1024999999998,611.7846386288348,527.4174999999998,351.6047900766217,181.13249999999996,53.77296610402672,-0.29750000000002785,35.268014300942326,96.82249999999996,90.98766310706566,17.962499999999878,-40.874076593941425,-51.51250000000002,-55.53326691649335,-73.34750000000001,-69.70156119067485,-29.057500000000104,10.753912772578033,19.91749999999999,12.157067524436656,3.407500000000013,-13.351490588771014,-38.13250000000003,-52.71940781943606,-51.10750000000001,-46.976114643049385,-47.56249999999989,-50.55153087149186,-61.09250000000005,-79.422675402398,-83.05250000000007,-57.30700454275157,-28.917500000000018,-29.51785695860569,-43.24749999999996,-36.47660134786085,-21.75750000000005,-37.75029962163234,-76.89750000000002,-91.61341503264093,-69.6225000000001,-45.84311675637996,-36.59749999999998,-18.36587579161514,18.28749999999988,45.325121797498355,42.252500000000026,21.184832091503324,-4.857500000000044,-37.55754994360563,-67.00249999999996,-71.603216938562,-56.747499999999974,-54.17901054841739,-70.88750000000009,-78.21867157214783,-64.52249999999992,-56.69394035413478,-71.04749999999984,-82.80546767035497,-68.3474999999998,-43.474416118380944,-33.72750000000018,-35.699789050410544,-34.16249999999995,-32.77748536427292,-40.88750000000006,-49.84427566679313,-48.827500000000015,-48.71120625171123,-65.14750000000006,-88.85973875493636,-95.2175,-76.38476520974476,-46.24750000000019,-20.327208186508997,-6.49749999999996,-8.509874563909278,-22.492499999999993,-34.091737098148016,-33.07750000000003,-27.619451279710162,-31.547500000000113,-40.9097620954749,-37.95750000000004,-19.303666039618932,-5.397500000000022,-14.69949857008939,-38.7925,-54.65409345055498,-56.66250000000011,-61.58792111446528,-79.4875000000001,-95.41432032806235,-90.97750000000003,-72.08609935179132,-59.25250000000002,-58.22102559283259,-59.127499999999976,-59.60823481855307,-66.0225000000001,-72.58485269492057,-64.2575,-44.317117442403,-34.20750000000007,-39.70162725110761,-43.03249999999991,-36.70742481005201,-36.09250000000017,-45.93901769459936,-46.23749999999998,-30.86653918695383,-28.387500000000088,-56.84755396974185,-86.37249999999995,-81.05275863290615,-55.53750000000005,-51.06592271860888,-70.4025,-78.01960810147713,-58.83250000000009,-37.169135753353444,-35.742500000000064,-49.76093703915594,-66.69249999999988,-82.44009848954153,-91.18749999999991,-84.11855092688232,-65.98750000000004,-53.79222956029647,-54.29749999999993,-59.393305636653324,-64.04250000000016,-70.38464752774847,-74.62250000000003,-70.1176289291456,-64.0425000000001,-70.39841490629122,-85.05749999999989,-88.45653105233909,-75.84750000000007,-64.6251539520106,-67.46250000000003,-77.07608446302154,-82.24749999999997
17,-147.35600798805916,-109.47875000000008,-61.80522140452274,-72.54875000000004,12.430455870478255,452.0662500000001,1246.49202729636,2102.16625,2790.65279963318,3302.03625,3572.237446834827,3353.4912500000005,2571.64155270033,1612.95125,992.3865389398662,821.0462500000001,806.7578131247539,696.45125,494.2310828000534,292.0712500000001,127.73375301429232,37.52124999999998,57.59954984305659,121.58124999999995,100.19786818079191,-17.58875000000009,-108.34419319689978,-105.89374999999993,-80.00164615312286,-89.24875000000003,-87.19386566152957,-32.10874999999993,24.495051628689424,28.386250000000047,9.854995379683999,12.156250000000028,9.898353809952681,-33.27375000000012,-88.43217810193102,-107.60375000000018,-97.091202153825,-88.94874999999996,-82.96509177948467,-67.58375000000007,-59.2506456109561,-73.44375000000008,-89.70403770981856,-86.43375000000005,-79.03526062966102,-87.30375,-97.18909149936218,-90.3787500000002,-80.8566988025685,-86.99875000000003,-95.72918359960704,-87.84875000000005,-72.30058156944804,-63.078750000000014,-47.58452913151348,-10.528750000000173,32.292413592751046,53.96625000000003,50.91454244034665,32.10125000000011,-4.054304290515546,-54.92875000000005,-96.62510492132023,-110.09375000000009,-108.33558839244279,-113.1937500000001,-121.61269341289963,-118.6687500000001,-107.4945634326291,-101.22375000000027,-98.46089852927726,-89.8637500000005,-77.91071043917078,-69.88375000000002,-61.849425914283756,-47.30374999999998,-31.256196714492802,-21.633750000000163,-19.611743599224994,-29.873750000000115,-61.511237351900164,-103.99875,-124.128261613046,-107.04375000000005,-80.13516027889872,-73.64374999999988,-78.09350984296375,-68.51375000000012,-52.1230947046535,-56.28875000000001,-78.26970512024523,-84.30375000000004,-60.77300437965904,-34.47375000000005,-33.391728799282646,-51.93875000000003,-66.56074991134169,-67.90875000000011,-65.1285284639489,-69.24875000000003,-82.74251139248432,-99.83375000000007,-110.44876886281554,-106.74874999999994,-89.00130795307234,-64.54874999999991,-43.12817848970448,-34.6237499999999,-44.52955182068955,-65.44874999999995,-79.66277629402927,-78.48374999999996,-73.04108692451743,-76.74875000000006,-84.96244068357976,-85.79875000000004,-84.38449555319455,-96.30875,-116.70210441681535,-118.03374999999984,-88.65928640986763,-56.00375000000011,-55.17011546524577,-84.55875000000016,-110.34525359934642,-110.61375000000008,-96.36497969306623,-86.9287500000002,-83.24135226098844,-75.89875,-66.79153170628858,-67.52875,-80.73714145969512,-96.04374999999953,-104.16587230215883,-104.54374999999952,-98.96621032560182,-88.0837499999999,-75.92245104825433,-68.34375000000003,-65.12402390358352,-62.95374999999985,-66.9366402352789,-85.64374999999993,-110.66720573636088,-117.10374999999986,-95.14055434695635,-67.94375000000007,-63.71478018008096,-79.93374999999995,-92.04961849311445,-90.45875000000011,-88.85907764502267,-97.26374999999994,-107.07682862370575,-108.37875000000004
18,-97.63165625000008,-172.09439352911022,-117.92665625000001,6.433070555961493,104.36834374999988,388.842456074734,1145.6133437499998,2189.285680369272,2988.2783437499997,3334.7671701178474,3427.5333437500003,3268.517087667023,2565.53334375,1431.9542877083732,596.0083437500001,526.9612807553088,795.66334375,729.5303955601731,333.4083437499999,84.93439674177624,114.09334374999985,134.21863146570547,34.29334374999992,3.334706300330609,90.14334374999989,100.18333983124897,-25.906656250000097,-108.98428046430463,-66.06665625000004,-27.5771496514444,-59.67165625,-56.794767990974435,20.9733437499999,58.56587502312216,4.028343750000019,-47.49164929597114,-48.04165625000006,-68.25466894631654,-121.53665624999998,-116.62563221854703,-41.50165625000021,-7.1971117468454935,-52.50665624999989,-81.93560647184043,-51.05165624999999,-39.59049521190441,-82.34665624999995,-96.38341589015492,-43.99665625000007,-11.988560246003175,-55.92665625000008,-105.87325851017671,-99.00165624999991,-78.38010152009717,-90.57665624999997,-101.63419802714627,-80.02165624999998,-56.43286621622123,-43.94665624999996,-2.4364001485967606,64.76334375000009,81.6727586308637,20.26834374999997,-47.28038295084822,-66.70165625000014,-75.51901577582022,-109.47665625000012,-131.84414556486314,-112.3616562500001,-89.27930900151777,-96.16665625,-104.70298023561847,-91.14665624999996,-85.13168625483684,-104.50165625000018,-113.5083711607415,-91.44665625000003,-73.73077478983532,-82.14165625000015,-83.1242098078591,-57.721656249999825,-44.928067652902385,-71.39665625000002,-101.97633404692513,-103.81665625000004,-99.41565447546914,-113.25665624999992,-122.73479539781016,-104.64665624999998,-79.31754805140076,-70.49665625000017,-69.40836897296913,-70.00165625000028,-88.6919375011974,-118.79665624999996,-118.8886660281538,-78.71165625000016,-44.47304452625853,-46.93165625000009,-57.565576770228176,-49.35165625000002,-46.01839034246959,-71.06665625000011,-98.31282477218336,-97.29165625000013,-85.33282012764677,-90.87665625000011,-101.53819827388381,-91.2766562499999,-69.12135609606042,-61.12165624999997,-67.7436927456182,-73.22165624999997,-76.1951544615386,-81.93665624999991,-83.3219839012751,-74.15165625000004,-64.14087535499665,-62.331656249999995,-63.95395793543773,-66.83665624999995,-78.83404358856171,-97.40665624999994,-105.7912057969802,-100.00665625000005,-95.29470821519355,-98.22165625,-99.37161621408222,-98.79665624999998,-106.7596174364839,-113.46665625000004,-94.77727036185554,-57.50165625000007,-40.510965191678665,-57.74165625000005,-78.96743655152176,-82.54165624999993,-86.12976727765418,-104.27665624999969,-116.6193895978737,-106.22665624999985,-92.93068598705197,-96.67165624999998,-99.85844385100512,-81.28165624999986,-59.96796203599817,-66.3966562499999,-90.12412283427786,-96.17165625,-81.6075779362696,-76.93165624999995,-95.13298897251286,-114.49665625000002,-114.86647556457405,-102.16665625000019,-90.79229158207792,-84.89665625000004,-84.92360260751448,-93.90665625000004,-107.77503049971871
19,-59.560750000000034,-77.57004640062559,-66.63075000000006,-31.0662039943402,43.43425000000006,267.4676393594545,728.2342499999999,1331.5839958632116,1889.38925,2305.559597625835,2522.0592500000002,2371.5488683976346,1750.2442500000004,939.7505007217098,460.71925000000016,492.49375769447096,672.0442499999999,601.0637940821172,324.68925,130.07843374982662,88.25425000000008,55.05657361049548,-8.190750000000023,-0.4924251848711094,74.51424999999999,81.90054188045416,-13.655750000000111,-93.16583692945505,-87.85075000000003,-65.09008109689526,-74.96075000000003,-68.64920454145752,-19.255749999999992,12.303856065829706,-10.66075000000005,-36.20174240747782,-26.190750000000108,-22.601956007989784,-56.42575000000002,-80.63280178439413,-52.7257500000001,-8.919532009016052,0.46424999999990746,-13.690766363694266,-20.110749999999967,-26.91411254065042,-50.375750000000075,-70.7441250892306,-65.75075000000001,-50.92891218435968,-48.36074999999994,-49.53858628704877,-42.315749999999944,-41.8388467338803,-62.77075,-87.77867221035079,-90.29075000000007,-66.41098547077777,-27.360749999999967,14.391624613110707,38.85924999999999,27.70533296974186,-7.315749999999937,-33.09607537618896,-41.19074999999998,-53.97858480863893,-78.03575000000006,-88.85196839609334,-74.63575000000002,-58.261324305651314,-58.31575000000002,-61.360067318946186,-51.50075000000007,-38.31357637557436,-36.65075000000013,-43.18427283971128,-48.85075000000013,-52.83132493928764,-52.205749999999966,-39.26943594578959,-18.955749999999895,-8.732150736571114,-15.180750000000003,-30.425250434973464,-51.31574999999995,-77.01702799109144,-90.39574999999998,-73.70975724883374,-42.68574999999987,-30.618403098797415,-37.83075000000006,-34.912374321204,-18.345749999999995,-18.889147504988557,-45.425749999999994,-65.84826074844835,-60.390749999999954,-51.15202412843003,-57.47074999999999,-62.57003024223566,-50.605750000000036,-40.340684710341044,-51.94075000000005,-70.18663018485898,-70.60075,-57.422535832691196,-48.31075000000008,-44.25522032266106,-40.49074999999999,-44.94515884633709,-60.28575000000001,-69.17905525422051,-62.51074999999996,-60.263334544855674,-77.98574999999995,-94.67438759178738,-83.47075000000004,-54.709421216423245,-37.66075000000001,-36.927372190840444,-38.760749999999895,-44.29751229879538,-61.35574999999989,-75.67774992947051,-67.63575000000004,-50.39747711378195,-54.43075,-77.09472238112623,-84.59075000000007,-65.38135231023139,-45.14575000000004,-42.37222689841468,-44.43575000000006,-39.611223165957064,-40.115749999999935,-55.51012047846982,-70.16575,-68.25799036721574,-60.70074999999958,-65.97348211339843,-79.98074999999997,-85.78900802568701,-80.96575000000009,-74.74649243939382,-67.4907499999999,-53.621361834019716,-39.16574999999999,-36.59684658165426,-44.57575000000005,-50.06069877186208,-49.24074999999999,-50.30210000372171,-55.96074999999998,-59.1960032426297,-57.460750000000054,-56.107943704301896,-55.640750000000054,-50.120058353065915,-41.255750000000035,-39.75997949719465
20,-89.76254366288249,-87.85503125000002,-83.72346840114729,-82.74503125000001,-4.5726818158430405,258.8499687500001,714.524858980753,1271.5699687499998,1847.14341202548,2353.24496875,2592.0542922724776,2348.16496875,1678.3648276505062,975.73496875,611.4979999647842,580.88996875,607.4578735009372,514.55996875,353.147039710378,218.73496874999995,119.66611815005827,47.16496875000003,31.834694460501836,70.89996874999999,92.55429206235159,49.274968749999985,-17.762304884421766,-50.14003125000001,-50.544288634281756,-49.13503125000001,-43.06184094136473,-15.010031250000097,23.354079399193125,46.30996874999998,48.2722834797102,34.66996874999994,3.0171140974753854,-41.480031249999975,-74.12610399032917,-78.92003125000012,-70.20992961671809,-66.60503125000005,-62.43517405101915,-45.235031250000084,-24.059963025830044,-18.025031250000055,-27.42969970587839,-35.775031249999955,-34.92207932530327,-33.610031250000006,-43.148824648313195,-63.06503125,-79.5681761731542,-76.49003125000004,-52.49609452542178,-26.575031250000066,-18.83152581916049,-27.350031250000043,-33.166249212574954,-25.960031249999986,-14.02419950475361,-10.240031250000001,-19.33386532292694,-38.410031249999946,-59.637192218480976,-72.42503125000003,-71.66503315910876,-63.69003124999998,-58.58414908171499,-59.94503125000002,-66.43870723757738,-75.68503125,-80.63151998900304,-72.34503125000003,-54.58645899356663,-44.485031250000034,-49.531473237862606,-56.42003124999998,-53.01212030421297,-46.52503124999992,-46.64529362473116,-46.62503125,-38.87090988012082,-35.200031249999924,-50.777662337908176,-77.63003124999997,-93.80688632059335,-91.52003124999996,-79.34295167261939,-64.87003125,-51.6330009934929,-44.80503125000006,-44.49770453146471,-41.61503124999995,-32.40854929003919,-25.25003124999995,-22.723348985770983,-15.520031249999974,-6.937177085401984,-18.81503124999999,-53.76491642336317,-78.60503125000007,-71.51649830639299,-58.045031250000065,-67.7257462488626,-83.39003124999999,-75.39290748490906,-60.21503124999989,-72.30155526081518,-95.24003125000007,-81.72817974522208,-37.04503124999997,-19.57074826243756,-50.28503125000006,-81.86322500262335,-75.45003125000011,-52.30162782233413,-43.68003125000004,-41.22015514754159,-31.225031250000086,-33.43765164551543,-63.80503125000012,-92.56883851197037,-83.96003125000004,-54.30043931062204,-47.445031249999985,-68.49555311301299,-84.23003125000004,-80.30802757424199,-76.30503125000014,-83.712884463541,-86.31003125000004,-71.1854978741087,-51.44503124999999,-45.9951091431047,-54.660031249999975,-63.160681502822435,-61.29003124999988,-50.506311139811274,-41.82003124999997,-47.29380870845594,-65.48003124999997,-77.46173165371644,-67.46003125000007,-44.502086355865906,-32.11003124999995,-39.25968949487237,-54.235031250000084,-64.73983822318368,-69.31003125000004,-68.92947334614867,-62.83003125000003,-55.85113387900552,-56.56503125,-63.95969749916465,-67.83503125000009,-65.95470683416424,-68.00503125000004,-77.62497074336412,-84.00503125000006
21,-82.59740625000003,-106.77111446105616,-82.59740624999993,-49.687835487191,-15.667406249999956,159.55431491420097,606.1025937500001,1229.1456526137415,1808.11759375,2240.300391272892,2495.7775937500005,2417.586118455644,1864.29259375,1069.0076223286924,544.6975937500001,508.9382894976268,647.9575937499999,587.2726299990397,353.79759375000003,188.58473731381218,132.40259374999997,60.31148738345141,-20.797406249999923,4.339093893853544,99.92759375000006,100.54782562566095,-17.417406249999956,-103.68306783777855,-84.17240624999991,-49.21831230514965,-64.92240624999997,-73.53792001190826,-30.712406249999958,7.865104734653556,-3.5974062499999917,-25.369433995414866,-22.482406249999954,-27.23056475162572,-59.012406250000005,-73.46691287689123,-43.767406249999965,-13.75599392540498,-21.12240624999987,-37.16649334262322,-29.172406250000037,-20.13185677887644,-39.71240625,-67.71587507911308,-70.62740625000008,-54.410753968059645,-44.622406250000026,-46.62202612972933,-52.80740625000004,-60.48875664714971,-63.84740625000001,-55.43754807637922,-44.89240625000004,-45.47331061162466,-39.977406250000065,0.637358715651331,60.84759374999996,86.48516900478455,56.22759374999998,6.463161618281333,-24.13740625000004,-34.48596629334835,-36.60240624999991,-33.088606203225666,-32.36240625000006,-48.873853168417625,-74.34240625,-81.7985769014997,-68.70240625000001,-62.872569242458674,-75.82740625000037,-84.09935143682767,-69.02740625000001,-44.291514330102075,-31.12240624999997,-32.315468697202064,-41.147406249999904,-53.15023962481192,-62.232406250000054,-65.14129197869835,-70.21740625000005,-81.2659729500588,-80.10740624999997,-52.7076348528783,-23.24740624999997,-26.90315229038849,-54.907406250000086,-66.13452772974904,-50.87240624999999,-40.40893679601442,-50.26240625,-57.72770910960119,-45.88240625000005,-29.73526268432012,-24.74740625000001,-24.565384369352586,-24.247406249999926,-33.4731932373837,-52.512406250000026,-64.52035431685054,-64.69240625,-68.82553079137281,-81.28240625000007,-83.76484987598991,-69.13240624999995,-57.65976302762987,-64.33740624999999,-75.91309807338546,-75.61240625000003,-66.68805422966044,-57.28240624999996,-45.88551014563738,-36.49740625000005,-44.454886085328255,-70.62240625000001,-91.13950600172156,-89.38740625,-78.61210442967285,-77.19240624999982,-81.40537225397489,-79.90240625000001,-76.19970662902239,-77.47240624999998,-77.11723624266224,-68.18240625000001,-60.370464613776115,-63.81240625000006,-67.9186804639588,-57.36740624999999,-40.112054267757465,-37.68740624999998,-52.55234427236192,-66.18740624999998,-68.53039567865085,-69.1624062499997,-76.0552727507834,-81.36740625000004,-76.60104686268741,-68.54740625,-68.97003680209977,-75.89740624999993,-76.7598896717724,-67.69240624999993,-58.833654700215604,-58.28740624999996,-59.96833997358033,-53.98740625,-43.901904351516755,-44.577406249999974,-62.53984567416371,-85.48240625000003,-94.33466345960417,-82.27740624999994,-60.22492192309324,-46.49240625000007,-51.616869363834866
22,-67.91915708071872,-78.45953125000017,-103.72731678950417,-88.73953125000008,-13.828556267736218,191.8954687500001,702.9750602253137,1569.5554687500003,2502.3753643513146,3103.7704687500004,3275.391272874004,3174.14546875,2831.1353637072225,2147.94046875,1298.2609046216269,749.0904687499999,700.7751887590781,802.4004687499997,646.7413014551314,302.8954687500001,104.08111525928376,117.37046874999993,134.8010748728892,67.04046874999997,26.756973058840146,56.080468749999994,50.75806398787,-26.24453125000005,-80.20613365809737,-65.97953125000006,-49.95740988097836,-61.26953125,-44.49112478250876,8.610468750000024,27.478727327131566,-6.174531250000058,-28.656761219388045,-22.204531250000088,-44.78365799733439,-104.43953125000009,-128.3934229739796,-91.83453124999984,-61.77739936456827,-75.56953124999993,-84.88059730199154,-60.46453124999982,-48.37524281296626,-76.03953125000012,-97.83481998435383,-83.41953125000006,-73.7435509206303,-98.28453125000001,-115.69510676080479,-90.94953125000004,-62.16488122727864,-74.46453125000002,-104.32648170315132,-103.30453125000007,-71.06133926083669,-37.42953125000005,-10.833536901881061,12.84546874999998,22.001751241152988,6.315468749999923,-22.37866652403096,-50.56953124999998,-79.48602392860538,-105.58453125000015,-114.30283455673492,-106.50453125000006,-100.77064290238465,-100.21453124999994,-89.86700777891329,-72.60953125000006,-69.58245496575628,-78.60953125000046,-73.69883905155486,-53.98453125000019,-49.2517507338561,-65.64953125000002,-71.23332768818722,-51.464531249999965,-35.49086681737987,-47.30453125000005,-70.60375456413564,-84.10453125000012,-95.50368141242562,-116.16953124999993,-132.3939089363776,-125.96453124999996,-101.0561750860052,-73.23953125000017,-52.009143368170186,-45.20453124999996,-57.52728212759148,-74.57953125,-72.0163879922464,-49.834531250000055,-34.72815360899395,-41.53953125000011,-56.436309343024746,-64.52453125000011,-69.22632872675797,-77.25953125000007,-87.36306370073365,-99.18453125000008,-112.048963659534,-114.11453125000017,-96.1231019500586,-73.75453125000007,-69.52078574291653,-76.25953124999998,-70.07798976513365,-56.01953124999993,-63.253677893526074,-92.93953125000002,-110.34246220043748,-97.20453124999983,-75.81464290524633,-70.54953125000006,-78.78275469400347,-90.12953124999996,-101.77374092825376,-104.11953125000002,-83.97865785115093,-53.75953125000005,-45.74758951464371,-65.87953125000007,-85.27488163099889,-88.3845312500001,-93.25663735744436,-108.79453125000008,-110.62613480889792,-83.88453125000004,-56.86653635577805,-62.80453124999994,-92.83177855744214,-114.95453125000024,-119.60256118657033,-119.4445312499999,-120.40037860332487,-118.55953124999972,-113.74966973703522,-104.49953124999995,-81.47896460437705,-46.27453124999985,-24.838754337295725,-40.759531249999924,-82.84246244269937,-117.56453124999987,-127.12799077085029,-119.66453124999998,-109.57945088107171,-104.41453124999987,-106.16138479898095,-110.77453124999991,-108.84181950536865,-96.81453124999987,-83.45784910504423,-77.65453125000002
23,-100.23313772172578,-89.29265625000004,-68.83979466747951,-69.92765625000004,25.020719593673263,367.55734374999986,921.08914020919,1514.13734375,2062.0806565700636,2524.6123437499996,2686.634714289307,2288.487343749999,1458.6963401659111,739.6473437500002,516.5929994543421,620.57234375,654.0697427711762,505.10734375000004,331.8873550923872,216.4873437499999,106.87992035773425,19.872343749999942,39.33978935879665,123.32234374999996,125.78474098241043,22.217343749999984,-62.536585894138604,-62.97265624999997,-45.442047730587866,-53.81765624999994,-40.84240384474719,9.737343750000036,32.781944587846624,0.7073437500000637,-26.475188948789054,-15.807656250000065,-16.744903629323602,-54.66765624999994,-72.6228940862274,-35.44765625000001,-1.1659670557146882,-26.48765624999993,-76.02314051514365,-87.87765625000009,-68.52600440287844,-61.627656249999994,-70.19164550484362,-67.24765625000012,-50.97050187604922,-41.492656249999925,-45.32189546269499,-56.22265625000002,-70.6785930228363,-80.37765625000003,-72.7472139947042,-53.91265625000003,-43.939969300937676,-39.462656250000066,-15.058478169674146,27.207343749999993,47.7814399335162,25.14234374999998,-14.243200804370758,-38.297656250000045,-47.83311900024131,-55.612656249999866,-59.90921185264191,-58.332656250000106,-59.622131488842456,-63.857656249999984,-56.423894266792786,-36.51265625000012,-26.229743242527007,-37.387656249999964,-53.76467485382904,-59.12265625000015,-58.72487361145641,-61.24265625000004,-63.512264618557,-64.93265624999995,-73.29031331861297,-85.05765625000005,-83.63399477015528,-68.56765624999994,-62.62773512563814,-76.81265624999999,-90.69515763221673,-82.01765625000002,-56.861576547682034,-36.72265625,-31.734814531492702,-38.48765624999996,-50.01737720366502,-57.827656249999976,-55.87638918756925,-48.64265625000001,-43.776819174186045,-36.327656250000004,-16.909505871423832,4.467343750000097,4.1598594807095,-21.687656250000018,-50.7915046275707,-66.99265624999991,-76.8420616608209,-86.89765625000014,-88.14148551622104,-75.80265624999998,-64.43708249851345,-67.02265625000013,-73.8267310991212,-68.37765624999994,-53.85055169776668,-47.63265624999997,-55.666808230851736,-66.18765625000009,-67.07615682366708,-59.007656250000025,-50.810693776344046,-48.652656249999986,-52.17459842573496,-58.457656249999985,-66.49550853576153,-75.78765625000023,-82.42423400300152,-81.95765625000003,-76.73079697901838,-73.8576562500001,-74.42494220756751,-72.51765625,-66.71784865926041,-62.202656250000054,-58.2758171445971,-46.84765624999998,-29.59398984598532,-22.747656249999977,-35.243455751374995,-54.55765624999992,-64.5949595791658,-65.36765624999995,-64.19803451950887,-61.00265625000003,-55.560157794132344,-56.31765624999992,-66.79583369254307,-74.8176562500001,-70.71028099908305,-64.83265625000007,-70.68582754644969,-81.85765625000003,-83.48961050667363,-76.24765624999998,-70.3769113934975,-66.06765625,-59.5386516158429,-58.622656250000006,-69.96621149293452,-79.26765625000002,-69.23075202569338,-51.48265625000005
24,-56.2010089514487,-45.75478124999998,-32.95216183375839,-25.409781250000023,68.03410699621864,360.22021874999996,840.8853012536658,1404.42021875,1976.38135480506,2471.185218750001,2663.3252953006245,2323.8852187499997,1560.4392719597436,837.7052187499999,528.515437841056,557.8652187499998,599.499641628879,496.18021875,334.55519981882003,208.04021874999987,107.27633419167145,28.300218750000013,15.20223261609982,61.52521874999994,88.6571496662122,56.20521875000003,5.215854517691099,-28.144781249999966,-57.194785060702685,-83.54978124999998,-73.51814989576447,-24.214781249999973,14.96273139565416,14.530218749999989,0.7502291109066874,-2.0547812500000475,-8.307673810646477,-28.74978124999994,-45.14125249595362,-49.97478125000004,-62.01897256373092,-81.45478125000001,-78.47083771048398,-48.66978125000001,-31.93237660612894,-50.97978125000004,-75.75814825834978,-75.75978125000003,-65.81311984351821,-70.31478124999992,-79.92446783943556,-76.27978124999989,-68.53917347190972,-73.24478124999999,-82.60318789084093,-81.30978124999996,-73.13774801342001,-65.30978125000004,-47.52183463036958,-11.974781249999836,23.596658145346424,36.25021874999999,25.84416770665942,4.045218749999975,-25.971897912229565,-58.52478124999999,-73.90715437251235,-63.114781250000085,-49.24092766794378,-58.30478124999999,-79.67153725333328,-81.86478125000012,-60.99221715123405,-45.95478125000027,-54.78063504874277,-70.48978125000009,-68.31168998691703,-48.64478125000014,-30.797719946290613,-24.889781249999928,-24.142851643961208,-21.834781249999907,-21.78420524477579,-27.65478124999987,-33.52168690743798,-35.234781250000005,-42.06461651077663,-61.09478124999997,-75.86149577184868,-63.41478125000008,-33.90509322621958,-26.094781250000082,-53.360547321627216,-81.56478124999995,-78.1595253071583,-56.704781249999975,-47.808541505986604,-50.349781250000035,-44.466661091516954,-34.61978124999996,-41.56387910013885,-61.314781250000024,-70.05151668599098,-65.54478124999999,-67.20385113312324,-76.44978125000006,-73.97997255257786,-58.78978124999987,-53.38948465212587,-63.78478125000005,-68.8684663048011,-58.764781249999956,-51.05148348502314,-57.44978124999998,-64.63024772617858,-60.759781249999996,-53.55357124345031,-50.04478125,-45.14621294153428,-41.27978124999992,-51.518574765924726,-71.39478125000004,-76.15857450784267,-59.26478124999999,-44.919453089504884,-48.744781249999974,-56.407339832372756,-56.62478124999999,-62.07211683049971,-77.25978125000002,-79.45497936205958,-57.52978125000003,-38.462109901040265,-45.69478125000001,-60.38318399150794,-56.614781249999794,-46.96416368434668,-55.40478125000012,-70.14566010927403,-66.31478124999997,-55.49474636870716,-65.80478124999996,-86.65113456203616,-83.27978124999991,-59.65982122702406,-55.28978124999992,-77.93882251491408,-90.78978125000002,-75.9929145615628,-61.47978124999995,-66.85021836900393,-68.8197812499999,-47.15539100338537,-25.964781250000016,-35.969097576708386,-64.32978124999978,-76.51081926890737,-68.02478125,-61.38693707060203,-65.61478124999996
25,-93.42671874999995,-113.97385065101015,-77.70671875000008,-37.63049695813024,-13.441718750000007,141.162311824697,576.3232812499999,1207.2490129722075,1808.58328125,2275.5034713663676,2575.1032812500002,2522.0005365442685,1937.0132812500003,1065.4673313391895,489.3782812500001,469.5958749042702,651.9082812500001,599.3505283011564,343.85828125,177.5689033531544,148.9032812500001,89.71728096336966,-8.936718749999983,4.568328218641469,117.69328125000007,138.2169847205397,14.788281249999898,-89.23925622948175,-77.17671875000002,-42.273183543930934,-58.21671875000008,-58.014015150507205,3.178281249999955,45.51484650935939,11.848281249999957,-30.989309807333072,-22.221718750000136,-9.49397442114325,-40.45171875,-68.0219921240024,-46.056718749999895,-18.751343339804578,-34.951718749999884,-61.62955870396842,-57.65171874999991,-51.90021896294087,-73.99171875000003,-83.41886671064492,-44.36671875000002,-4.259569490713261,-19.92671874999995,-61.51394673055958,-66.15171874999999,-40.62072980460172,-35.52671875000003,-53.09608185582334,-52.66171875000003,-24.90341657153833,1.8532812499999807,14.290132525525934,22.2232812500001,26.65704986502496,20.258281249999996,7.045633441818254,-8.786718749999977,-35.29264616696655,-68.60171874999997,-82.1875226157328,-67.36171875000008,-55.56724081107137,-70.99671874999996,-91.38639455051256,-88.05171875,-73.76251007569806,-73.84171875000025,-78.18271018939012,-63.316718750000184,-39.579762834092406,-33.84171874999994,-41.71772399174608,-38.28671874999995,-25.323502297202623,-28.591718750000027,-53.461696685796184,-77.72671874999999,-86.6438799565309,-86.11171875000002,-82.04782525845722,-71.57171874999997,-54.85010414905889,-36.71671875,-18.722640721139953,-4.48671874999998,-5.6630962170089845,-26.21171874999999,-48.8961858784718,-54.38671875000009,-46.048531749945326,-40.151718750000015,-41.17650094413898,-43.70171875000007,-48.66623873559545,-58.99671875000001,-67.37101881697359,-66.66671874999994,-65.08714859295674,-73.4817187500002,-85.84861932242427,-90.2267187499999,-89.63204947618827,-92.21171874999999,-90.26381321259713,-73.32171874999993,-55.35518152601031,-60.711718749999946,-83.14143696268164,-87.25671874999992,-57.62758943936453,-21.581718750000036,-12.00291842078174,-28.086718749999946,-46.75206984127584,-56.04671874999985,-60.75499959450299,-66.24671875000016,-73.22172334490978,-82.19671875000004,-89.77671833961645,-85.65171875000009,-65.43565779044795,-41.45171874999999,-28.637049260630135,-25.241718750000075,-21.532193420572312,-21.816718749999993,-38.33387668031753,-64.14171874999985,-74.57858268943622,-62.08671874999986,-48.36110217286995,-50.54671875000007,-55.74955214978554,-46.44671874999998,-33.44840322468745,-39.91671874999999,-63.998349525528006,-83.2417187499999,-89.9093038759503,-94.91171875000009,-98.94434186620224,-88.82671874999996,-66.43040018716533,-53.01171874999994,-56.140968695011686,-58.6267187500001,-51.363860638401576,-50.22671875000006,-64.24783034259207,-73.18671875000013,-59.32759544810317
26,-90.25015994925354,-75.14528124999995,-55.49323276830043,-46.47528125000004,84.90069455839676,471.8047187499999,1033.8408797744119,1587.8147187499999,2084.935642021254,2504.4347187500007,2600.667337110148,2106.10971875,1225.006424675671,575.6697187500001,495.45085327498657,681.05471875,678.87839167496,455.2197187500001,258.47190946028945,165.32471875000007,69.4819593637308,-23.29028125000002,-0.9061946322246541,104.27471875000009,131.05692861606,45.92971874999992,-28.24584184084607,-34.420281249999874,-39.19759981487283,-65.84028124999998,-51.4554013317923,8.879718749999995,35.36925463039353,6.889718750000057,-9.747343446340949,3.769718749999953,-13.221137039956375,-68.42028125000004,-84.95551046184464,-37.70528125000003,-2.2518949236865637,-26.27528125000002,-59.23139172823866,-54.14528124999996,-41.713161907335554,-55.27028125000003,-68.00899180554435,-54.17028125,-40.08842211682394,-49.14528125000005,-58.94197952502761,-52.15028125,-51.44046155238157,-68.67028125000004,-74.44047271827597,-51.07528125,-24.524517027036808,-13.695281250000093,1.856626234394696,33.95971874999998,53.292658341440045,36.15471874999997,2.5906941688978975,-20.955281249999985,-39.83072497506022,-65.51028125000009,-85.99537179020797,-87.94528125000008,-80.35628810256524,-74.70028125000006,-66.21324941219845,-51.815281250000055,-43.20198255496575,-47.96028125000001,-58.019876259764686,-65.71528125000032,-71.56850976186583,-72.27028125000004,-62.04405823760456,-47.05528125000009,-37.781720267775306,-31.055281250000036,-22.33637900648091,-26.035281249999855,-53.783421529833056,-82.25028125000001,-78.49580413633163,-51.55028124999991,-40.82866076150364,-55.75028125000006,-65.96706189377468,-53.12028124999992,-33.78387645318894,-24.870281249999948,-20.825973694411474,-13.535281250000054,-6.057502699367021,-0.08028124999984243,5.843806599778816,4.034718749999996,-12.109165132731022,-28.21528124999999,-25.84734674859922,-15.380281249999996,-23.111838804119643,-49.12528124999982,-67.9963866760248,-68.53028125000003,-62.51259144890563,-57.030281250000016,-49.54670233407309,-48.31528125,-65.53540026422547,-90.36028124999996,-98.92402102738914,-90.37528124999997,-83.69303537710023,-81.86528125000002,-71.11195136751354,-53.70028124999995,-48.53581727587356,-58.73028124999999,-69.33304499442426,-76.25528125000005,-86.55113582090915,-92.91528125000004,-81.84524437369559,-65.31528124999997,-68.4936300363583,-86.07528125000002,-87.76391145742407,-68.41028125,-54.096470309155066,-55.270281249999975,-54.97299558954203,-50.565281249999785,-63.55803923895065,-93.71528124999995,-105.23983162253354,-80.08528124999982,-49.284132575653395,-46.76528124999999,-62.133349420565196,-65.2452812499999,-52.58092372300763,-42.095281250000056,-40.89445912915541,-43.80028125000004,-50.418131145748625,-60.845281250000006,-64.56819369910855,-53.13028125,-35.9078854465979,-27.53528124999997,-27.85776321589543,-28.615281250000052,-31.340934920601825,-43.31028125000005,-61.701965071298076,-76.25528125000005
27,-201.40327509541672,-116.91781249999997,3.727268657362984,-9.032812500000063,129.53901652876067,836.3171874999999,1925.770591024916,2764.2571875,3144.4519552613456,3379.8621875000003,3473.0498880781165,2940.4121875,1751.8923649838816,735.6121875,555.7363436884892,827.9371875,790.1136204330886,399.9721875000001,157.4692854293176,183.58218749999986,158.55906436867178,6.732187500000023,-12.251830553651544,132.0621875000001,153.2230385498068,-28.19281250000023,-153.19547748699392,-91.97781249999993,-23.485306392108185,-57.78281249999995,-57.75895183062771,49.79218750000008,116.78877348308528,51.902187499999954,-25.6668977040472,-26.197812500000012,-33.31671044040512,-101.2078125,-137.21558997348288,-91.0878124999999,-55.049138201889235,-79.71281249999977,-82.12965123828704,-25.29781249999985,-4.824774397876013,-68.27781250000008,-121.09776425857159,-99.6728125000001,-75.86394929349721,-104.02281250000001,-118.99790414414291,-74.5628125,-39.97564590083512,-69.07781249999994,-101.67356119028781,-80.20281249999996,-47.14008827541724,-46.842812499999994,-40.466673539326564,4.6171874999999005,40.72788035241915,26.04218749999994,-5.996319450541094,-23.617812499999914,-53.369344900349546,-105.12281249999997,-130.1464332775733,-108.0328125,-90.38599044029326,-108.39281250000003,-120.71668748803188,-99.5328125,-83.32117814035105,-96.95281250000023,-102.86641142148606,-79.81281250000004,-68.88555945825885,-92.08781250000007,-103.71120929560182,-73.82281249999988,-45.88848795110893,-58.80281250000006,-80.52445509340325,-72.91781249999994,-60.26179502584205,-78.96781249999994,-111.78909712614461,-122.12281249999988,-109.75503514810535,-91.65781250000012,-69.41115123122376,-49.60781250000001,-53.64922033809606,-76.62281250000005,-79.20694795159083,-48.2078125,-22.165805855304896,-30.587812499999927,-50.730080127728016,-51.65281250000007,-41.52758898146455,-44.837812499999984,-65.78240875316985,-94.17781250000003,-117.54437597871893,-116.70281250000005,-82.92567110895139,-44.87281249999988,-40.880346008146944,-62.81281249999998,-70.17644957208411,-58.89281250000006,-64.24157370448552,-91.91781249999997,-103.35361820099124,-82.10781249999994,-60.40571091605871,-62.68281249999994,-73.18958904554606,-77.71281249999988,-88.77089941816959,-109.13281250000001,-115.98801490232717,-102.96281249999984,-96.19762478273302,-108.23781249999993,-115.94283704852222,-104.20781250000007,-92.1659010855671,-94.17281249999998,-92.14224112743105,-71.09781249999996,-50.07530756852567,-53.07281249999987,-75.0387965020421,-97.21281249999957,-112.9086546298469,-120.55281249999982,-113.32237073898216,-92.58281249999962,-73.9696939720246,-68.07781249999996,-70.7225234442395,-77.72281249999993,-90.43843491689577,-103.29281250000015,-106.61376153681836,-103.89781250000006,-104.5926366921346,-101.20781250000006,-80.57178858070982,-57.10281250000007,-62.29372662132384,-95.92781250000012,-120.88322543106048,-116.66781250000003,-106.02659078569458,-113.13781250000005,-125.26151986391403,-117.66281249999997
28,-115.46096875000015,-181.95307260716527,-114.24096875000002,-8.763397538013407,25.929031250000037,256.12388163731885,1022.75903125,2113.0104104674892,2927.24403125,3265.5789437451836,3404.77903125,3358.3594817443154,2734.7290312499995,1571.8938937706262,653.4940312499999,547.1802926410662,830.1140312499998,768.6327747509526,353.56903124999997,100.91898720755674,144.14403125000004,157.27198707370584,25.89403125000004,-16.98290828550097,90.50403125000028,112.05780861546114,-35.67596875000007,-141.33653475069485,-90.74596874999986,-28.931011416589598,-44.50596874999994,-26.230611109907287,68.6140312500001,101.05594272674986,10.979031250000133,-68.45085593799223,-55.95596874999984,-47.45973399504837,-103.91596875000002,-134.18294206590173,-85.31596874999991,-48.60477446761561,-80.50596875,-100.66934010965934,-59.10096874999985,-34.2340665432623,-75.60096875000002,-107.64563139688971,-77.26096875000013,-49.900065246637624,-75.37596874999997,-96.7054776670888,-73.62596875000008,-65.12230223199435,-107.86596875000006,-135.29403569030967,-97.63596875000015,-48.967487564598926,-38.97096874999994,-26.98969747038622,20.59403125,50.84110587444755,19.644031250000012,-26.166859169425692,-36.16096875000004,-40.55369442681332,-76.67596875000007,-111.00309873871774,-104.48096875000009,-85.37384651684708,-92.1859687500001,-106.984178865877,-103.01096875000023,-98.50150454623466,-110.38596874999988,-111.8143767553108,-84.31096874999963,-58.06096117297828,-57.69596874999995,-61.80348984697695,-54.02096874999985,-57.998206779837034,-84.25596874999997,-98.96554625549331,-83.55596874999985,-70.80262556717415,-84.72096875000001,-97.88549564530561,-84.94096874999993,-66.9024822174193,-66.38596874999999,-68.34198560633422,-59.54596875,-58.27495196738104,-71.31596874999997,-70.29082262925556,-44.73096874999989,-30.37713018464038,-49.100968749999964,-67.68964083132182,-54.525968750000104,-33.19371882970634,-38.92096875000003,-60.97139039503338,-70.82096874999992,-74.3494234561349,-92.61096874999997,-115.60231632673718,-115.98596874999987,-92.70301638696753,-68.30096874999992,-56.14573715881909,-55.85596874999992,-67.40423797168725,-87.07596874999996,-101.23945563053266,-101.65096875,-95.43685539701909,-88.65096875,-76.430395504205,-60.725968749999964,-58.55016285220685,-77.88096875000002,-101.50789905864069,-109.32096874999998,-103.58358693250285,-99.55096874999994,-102.5298298259582,-106.12096875000006,-105.12971436407666,-100.59596875,-95.89657205088145,-92.13596874999996,-85.65390884548768,-72.86096874999984,-60.74335382498231,-63.68596874999984,-82.21832079373435,-96.73096875000017,-94.38452048357505,-89.05596875,-97.51151052099259,-108.23596875000007,-96.60443371448187,-64.38596875000005,-40.94528807064832,-45.69596874999998,-68.092542230473,-86.27596874999998,-90.99129446978685,-88.79596874999996,-90.98658683139357,-100.59596875,-107.49356028415367,-101.04096875000002,-87.64724411770439,-83.91596874999979,-91.11225336221506,-93.77596875000003,-87.96438230232968
29,-70.04987499999999,-94.66616997836682,-57.534875000000014,2.6087557299428425,48.77012500000005,194.82307175162714,585.615125,1170.0017582683881,1754.2901249999998,2223.602240721761,2515.110125,2446.7481644915492,1874.4151249999998,1049.8231016939612,510.060125,480.4180620916222,633.9451250000001,582.6098036119441,355.290125,198.46455366793873,146.0951250000001,65.46403346102996,-26.48987500000007,3.1876813350345685,118.26012500000006,135.41474496436007,20.325124999999872,-71.89339832680862,-60.70987499999991,-32.55821052207681,-42.894874999999985,-24.01498850080165,56.14512500000008,113.02320890002788,90.93012500000007,50.70859097391629,45.87012500000007,32.71413428520857,-27.914874999999995,-85.17020950045278,-85.83987500000006,-61.44176095646819,-61.64487500000012,-73.06002257256566,-64.66487500000004,-51.01314922121672,-53.409875,-51.69907471292022,-26.7998750000001,-6.199429387840041,-20.869875000000064,-54.77675134172045,-75.62487499999995,-80.76318562122901,-79.86987499999995,-66.39759819307781,-37.38987499999991,-11.858961024933407,-2.63987499999989,3.7661289041992347,18.665125000000018,29.038017513346844,21.605125,3.7685444216904074,-14.074874999999935,-33.6194731254338,-55.51487500000003,-73.34848753649905,-86.03987500000004,-94.27652802896888,-86.95987500000005,-58.84424079608613,-35.89987500000007,-48.09200612813794,-80.45987500000001,-89.690407337049,-67.86487499999981,-48.91380258183606,-51.01987499999997,-56.04064249287432,-51.5148749999999,-50.195697938616405,-57.90487499999996,-60.6718519201875,-54.599874999999926,-54.12050663628805,-62.209874999999975,-64.816680206814,-59.804874999999996,-58.82166424875967,-59.144875,-49.01880222180927,-39.894874999999985,-53.55546423489388,-78.19987499999996,-81.31500231866005,-65.93987499999994,-64.97835660756047,-77.539875,-67.15830118086753,-33.059874999999906,-23.223296629386297,-56.119874999999965,-87.12279313363906,-80.80987499999983,-62.19430101513578,-61.53487499999983,-59.965265823629544,-33.64987499999988,-8.029356278415932,-17.739874999999984,-44.94069171586436,-48.609874999999946,-32.38275423794352,-33.56487499999999,-59.332250730102004,-81.01487500000005,-84.74888372478352,-85.04987500000003,-89.23657535390763,-86.09987499999994,-73.75912506669708,-67.71987500000004,-74.78357627128518,-82.7348750000002,-81.68793210012873,-76.98487500000005,-76.71017027510865,-81.284875,-87.25627099318703,-88.64987500000008,-75.68174816728447,-46.14987499999998,-17.741500950681115,-14.829874999999987,-40.277635795686265,-70.54987499999999,-81.56082831123089,-72.61487500000015,-62.94412850294854,-68.19987499999998,-81.36416065164022,-79.03487500000003,-51.76661785635503,-23.47987500000005,-26.019646577109896,-54.534875000000014,-69.39927376318688,-50.89487500000004,-28.76885934190757,-38.80487500000001,-69.46872595146263,-79.22987499999994,-56.944743443290236,-34.44487500000002,-38.50618721699411,-58.354875,-69.79378163493509,-69.27987500000002,-69.62941697474447
30,-71.49528539740054,-73.55515625000007,-67.74079387827656,-55.945156249999926,-17.469621155460345,138.85484375,515.9294989131178,1092.8248437500004,1707.437528573271,2195.6598437499997,2471.2335566559464,2452.10484375,2055.739630625431,1382.9048437499998,787.4873814187547,575.35484375,661.4677143228304,690.8698437500001,491.2683878382798,231.15484375,111.50902153809186,102.24484374999996,76.96825278691885,37.12984374999998,52.8199567022841,88.38984375000008,47.782091559695786,-55.60515625000001,-113.3500555178168,-85.90015625000001,-36.22429900449998,-10.15015624999998,10.880438495215614,34.91484375000006,32.00102661495477,-2.9601562499999687,-34.7341733856517,-49.14015625000003,-66.66862195772875,-86.54015625000008,-79.44728489291577,-46.30015624999993,-25.594421683257337,-30.560156250000034,-33.3025504950662,-22.025156250000038,-19.778993232921962,-33.52015624999997,-37.78142090544472,-25.360156250000117,-24.239852297746125,-45.91015625000004,-63.81418342635404,-61.84015624999999,-58.547106286006176,-63.61515625,-56.324213447193934,-30.30015625,-14.143184813353741,-20.14015624999992,-16.496922657907874,16.10984375000008,40.718122427533345,16.699843750000042,-35.80954179517069,-66.31015625000006,-64.92173282658382,-60.895156250000035,-67.43688858271734,-70.78015625000003,-66.70434485429533,-69.26015625000016,-82.3182605794344,-91.82015625000014,-88.32313520914255,-75.10015625000008,-55.08045838774162,-30.450156250000205,-13.052182690978313,-14.730156250000078,-28.35310777620373,-36.905156250000104,-39.7605949297475,-51.34515624999991,-74.51906718226047,-94.03015625000006,-98.05310167918601,-89.72015625,-75.23732592171787,-56.18015624999999,-37.04818439606966,-27.025156250000137,-30.122245305010722,-43.09515625000003,-62.798413005789236,-83.85015624999998,-91.03243381966125,-71.11015625000005,-35.413551445619845,-14.225156250000055,-22.0801287306449,-42.56515625000003,-54.32439534807527,-57.25515624999993,-62.72415394844451,-71.58515624999993,-76.26043225117658,-75.61015625000003,-73.42524960887705,-68.5651562499999,-60.28004739131197,-57.45015624999998,-67.36571719877604,-79.57515624999995,-77.85146549873654,-66.63515624999995,-67.03998484232886,-84.27015624999997,-98.00770924015703,-92.11515624999996,-76.35184198624827,-67.73015625000005,-65.3972660898008,-58.44015624999998,-47.78036730418669,-44.31015625000009,-50.8959448028411,-60.04015624999994,-65.9219892866252,-67.26015624999997,-62.041060514392356,-50.985156250000024,-43.39546795634342,-48.42015624999995,-62.11466389001133,-72.44015624999994,-74.74350898865347,-73.87015624999964,-74.57237960776021,-78.32515624999965,-84.88885796104654,-88.39515624999986,-78.79419985778084,-57.68515624999992,-44.1562783692115,-51.11515625000002,-64.53508332822747,-63.61015625000001,-53.54781817351623,-56.09515624999991,-71.62169400070258,-76.65015624999994,-62.21096197637446,-49.640156250000004,-58.63347450620946,-79.57515625,-89.78398696967106,-82.69015624999996,-69.33282787862757,-61.580156249999995
